Workbook
Name 능력단위: #REF!

Sheet ●프롬프트
A1: LLM 프롬프트
A2: 너는 "의료기기 개발, 제조 기업"을 대상으로 하는 "AI전환교육"을 위한 교육 컨설턴트 및 교육설계개발자야. 엑셀에서 제시하는 기본적인 내용을 바탕으로 요구하는 내용을 만들어서 셀에 입력해 주면 되. 최대한 AI/AX 전문가 이면서 의료기기에 대한 전문가 여서 최적의 교육과정을 개발해 주면 되. 아래의 내용을 참고해서 작업해줘 ## 셀 설명 B3:C30에는 니가 알아야할 내용이 담겨 있어, B열부분에는 제목, C열 부분에는 내용이 있어. 여기에는 기초적인 교육과정의 제목과 커리큘럼이 있어. 단, 시간(C11)은 아직 못 정해서 임의로 넣은거라 참고하지 말고, 여기 있는 내용을 바탕으로 J70:J118 부분에 내용을 적절하게 채워주면 되. J70:J118의 각 칸은 1일차~5일차의 각 시간별(1시간단위) 교육 내용이 들어가는 셀이야. 해당 일차와 시간은 B70:C118을 참고하면 되. 그리고 K70, K80, K90, K100, K110은 각각 일차에 해당하는 내용의 커리큘럼을 1일 단위로 넣는 곳이야. 바로 위의 셀에 몇일차 인지 나와 있어. 여기는 많이 상세하게 작성해줘. 최소한 100~150자 정도 여기는 3일차로 과정을 만들어서 채워줘. 점심시간은 뺴고 나머지만 채워줘. 각 시간별 교육내용은 제목처럼 한줄(20~30자)로 작성해줘. 그래서 니가 해야할 것은 B3:C30을 참조해서, 이 과정이 몇시간 짜리의 과정인지 정해야해. 1일을 8시간으로 해서 8,16,24,32,40시간으로 정할 수 있어. 가급적 2일~4일정도가 적절할꺼야. 너무 길어도 안되고 2~3일정도가 적절. 마지막 APX1의 PBL 과정은 8주차 인데 이건 8일차로 해 주면 되. 1주일에 한번씩 과정을 진행한다고 생각하면 되. 이건 입력 하는 곳도 J148까지 있어. C3:C28 의 각 셀에 대한 참고내용은 제목은 B열에 있고, 출력포맷 예시는 J열에 있어. 그래서 만약 니가 C13에 내용을 넣어야 하는 경우 B2:C11의 내용을 바탕으로 고민한 다음, B13의 제목과, J13의 출력포맷 예시를 확인해서 넣어주면 되.

Sheet 1-AFX1 리터러시
A1: 커리큘럼 기초 내용
B2: 분류선택 | C2: 07.인공지능 > 07.생성형AI엔지니어링> 프롬프트 구현
A3: {{edu_title}} | B3: 훈련과정명 | C3: 의료·바이오 AI 리터러시 입문 (4h) | J3: 기획자와 컨설턴트를 위한 AI개발의 이해
B4: 커리큘럼 | C4: 1. 의료·바이오 분야 AI 적용 사례와 한계 2. AI의 이해 (생성형 AI의 이해 및 활용, ChatGPT/Claude/Gemini) 3. 프롬프트엔지니어링과 생성형AI의 고급 활용 4. 반복업무를 손쉽게 하는 나만의 챗봇 (GPTs, Gems) 5. AI를 활용한 문서작업 - ( ChatGPT, Claude, Gemini, Genspark, Google Docs ) 6. 리서치, 기획, 제안, 문서작업 등을 위한 NotebookLM 활용법 7. AI윤리, 보안의 이해
A5: {{edu_cate01}} | B5: 대분류 | C5: =VLOOKUP($C$2,통합!A2:J52,2,FALSE) -> 20.정보통신
A6: {{edu_cate02}} | B6: 중분류 | C6: =VLOOKUP($C$2,통합!A2:J52,3,FALSE) -> 01.정보기술
A7: {{edu_cate03}} | B7: 소분류 | C7: =VLOOKUP($C$2,통합!A2:J52,4,FALSE) -> 07.인공지능
A8: {{edu_cate04}} | B8: 세분류 | C8: =VLOOKUP($C$2,통합!A2:J52,8,FALSE)&"."&VLOOKUP($C$2,통합!A2:J52,9,FALSE) -> 05.프롬프트 구현
A9: {{edu_cate05}} | B9: 훈련방법 | C9: =VLOOKUP($C$2,통합!A2:J52,7,FALSE) -> 2001070705_25v1
A10: {{edu_ncslevel}} | B10: 훈련수준 | C10: =VLOOKUP($C$2,통합!A2:J52,6,FALSE) -> 5
A11: {{edu_time}} | B11: 훈련시간 | C11: =F78&"시간( "&K131&"일)" -> 1시간( 1일) | J11: 000시간(00일)
A12: 교육과정 세부 정보
A13: {{edu_target}} | B13: 훈련대상자 | C13: 의료기기 개발·제조 기업 임직원 중 AI 활용에 관심이 있는 전 직군 (품질, RA, R&D, 생산, 영업, 경영지원 등) | J13: 기획자, 컨설턴트, 디자이너 등 개발과 AI에 이해가 필요한 직무
A14: {{edu_job}} | B14: 대상직종 | C14: 전직무 | J14: 기획자
A15: {{edu_limit}} | B15: 정원 | C15: 20명 | J15: 00명
A16: {{edu_feature}} | B16: 훈련과정 특성 | C16: 의료기기 산업 종사자를 대상으로 생성형 AI의 기본 개념부터 실무 활용까지 다루는 AI 전환(AX) 입문 과정으로, 의료기기 분야 특화 사례와 실습 중심의 교육을 통해 디지털 전환 역량을 강화하는 신기술·융복합 훈련과정 | J16: 4차 산업혁명 등 관련된 신기술, 융복합, 미래전략산업 직종 과정 등 훈련과정의 특성 기재
A17: {{edu_summary}} | B17: 주요훈련내용 | C17: 의료·바이오 분야의 AI 적용 현황과 한계를 이해하고, ChatGPT·Claude·Gemini 등 주요 생성형 AI 도구의 원리와 활용법을 학습한다. 프롬프트 엔지니어링 기법을 익혀 AI를 고급 활용하고, GPTs·Gems를 통해 나만의 챗봇을 제작하며, AI 기반 문서작성과 NotebookLM을 활용한 리서치·기획 역량을 배양한다. 또한 AI 윤리와 보안에 대한 인식을 갖춘다. | J17: 주요훈련내용을 요약해서 작성
A18: {{edu_ncsreason}} | B18: NCS 미적용 사유 | C18: 본 훈련과정은 의료기기 산업 현장의 AI 전환(AX) 수요에 맞춰 생성형 AI 활용 역량 강화를 목적으로 설계된 과정으로, 기존 NCS 분류체계에 정확히 부합하는 능력단위가 부재하여 산업 현장 맞춤형 커리큘럼으로 자체 구성함 | J18: 주요훈련내용을 요약해서 작성
A19: {{edu_goal}} | B19: 훈련목표 | C19: 의료기기 산업 종사자가 생성형 AI의 개념과 원리를 이해하고, 프롬프트 엔지니어링과 주요 AI 도구(ChatGPT, Claude, Gemini, NotebookLM 등)를 활용하여 문서작성, 리서치, 기획 등 실무 업무에 AI를 효과적으로 적용할 수 있는 기초 역량을 습득하는 것을 목표로 함 | J19: IT 기본 지식을 습득하고 개발자와 원활히 소통하며, 컨설팅 업무에 필요한 IT 전문 지식과 생성형 AI에 대한 이해를 높여 실무에 바로 적용할 수 있는 역량을 키우는 것을 목표로 함
A20: {{edu_guidegoal}} | B20: 지도목표 | C20: 의료기기 분야의 AI 적용 사례와 생성형 AI 도구의 기본 원리를 명확히 이해하고, 실습을 통해 프롬프트 엔지니어링 능력을 키워 최신 AI 기술을 의료기기 업무 현장에 바로 적용할 수 있는 실무 문제 해결 능력을 갖추어 업무 효율성을 높입니다. | J20: IT 기본 개념을 명확히 이해하고, 실습을 통해 능력을 키워 최신 AI 기술을 활용한 실무 문제 해결 능력을 갖추어 업무의 효율성을 높입니다.
A21: {{edu_guidegoaldetail}} | B21: 세부 지도목표 | C21: * 의료·바이오 분야 AI 적용 사례와 한계점 분석 * 생성형 AI(ChatGPT, Claude, Gemini)의 원리와 활용 방법 이해 * 프롬프트 엔지니어링 기법을 통한 AI 고급 활용 능력 배양 * GPTs, Gems를 활용한 맞춤형 챗봇 제작 실습 * AI 기반 문서작성 및 NotebookLM을 활용한 리서치·기획 역량 강화 * AI 윤리 및 보안 이슈에 대한 인식 제고 | J21: * 운영체제, 서버, 클라우드 인프라의 기본 개념 설명 * 데이터베이스의 기초 지식과 데이터 관리 방법 이해 * 생성형 AI와 LLM의 원리 및 적용 사례 소개 * IT 용어와 개념을 쉽게 설명하고 실제 사례를 통해 이해 증진
A22: {{edu_guidegoaldetail-1}} | B22: 지도내용 | C22: [의료·바이오 AI 개론 및 생성형 AI 활용] - 의료기기 분야 AI 적용 사례와 한계점 분석 - 생성형 AI(ChatGPT, Claude, Gemini)의 원리 이해 및 실습 | J22: [IT 기본 개념] - 운영체제와 서버의 기본 개념 - 클라우드 인프라의 이해
A23: {{edu_guidegoaldetail-2}} | C23: [프롬프트 엔지니어링과 AI 고급 활용] - 프롬프트 엔지니어링 기법을 통한 생성형 AI 고급 활용 - 나만의 챗봇 만들기 (GPTs, Gems) 실습 | J23: [데이터베이스와 개발 기초] - 데이터베이스 기초 개념 - 개발 관련 기초 지식 및 용어
A24: {{edu_guidegoaldetail-3}} | C24: [AI 기반 문서작성 및 윤리·보안] - AI를 활용한 문서작업 및 NotebookLM 활용 리서치·기획 - AI 윤리, 보안의 이해 및 의료기기 업무 적용 시 주의사항 | J24: [생성형 AI와 LLM] - 생성형 AI의 개념과 원리 - LLM의 동작 원리 및 실제 사례
A25: {{edu_learnhow}} | B25: 교수학습방법 | C25: 강의: 슬라이드 및 의료기기 산업 사례 영상 자료를 활용하여 시각적 이해를 돕고, 실제 의료기기 AI 적용 사례 중심으로 설명 실습: ChatGPT, Claude, Gemini 등 생성형 AI 도구를 직접 활용한 프롬프트 작성 및 문서작성 실습 토론: 의료기기 업무 현장에서의 AI 활용 방안에 대한 그룹 토론을 통해 실무 적용 능력 배양 Q&A: 실시간 질문을 통해 이해도 점검 및 피드백 제공 | J25: 강의: 슬라이드 및 영상 자료를 활용하여 시각적 이해를 돕고, 사례 중심으로 설명 실습: 간단한 클라우드 설정 및 데이터베이스 생성 실습 토론: 실제 사례에 기반한 토론을 통해 실무 적용 능력 배양 Q&A: 실시간 질문을 통해 이해도 점검 및 피드백 제공
A26: {{edu_testhow}} | B26: 평가방법 | C26: 가. 평가시점 : 교과목 수업 종료시 나. 평가내용 • 생성형 AI 도구(ChatGPT, Claude, Gemini)의 기본 활용 능력 • 프롬프트 엔지니어링을 통한 업무 적용 능력 • AI 윤리 및 보안에 대한 이해도 다. 평가방법 • 결과평가 : 실습 결과물 제출 및 구두발표 | J26: 가. 평가시점 : 교과목 수업 종료시 나. 평가내용 • 호텔 운영 프로그램에 대한 지식(Fidelio, Opera 등) • 객실 업셀링 능력 • 고객정보 검색 능력 및 활용 기술 다. 평가방법 • 결과평가 : 구두발표
A27: {{edu_book}} | B27: 훈련교재 | C27: 자체교재 | J27: 자체교재
A28: {{edu_future}} | B28: 연계 훈련과정 (해당 훈련과정의 중장기 체계적 운영의 적정성을 위한 레벨업 실시 계획) | C28: [Basic] Lv.1 - 의료·바이오 AI 리터러시 입문 (본 과정) Lv.2 - 의료기기 데이터 분석 및 AI 활용 기초 Lv.2 - 의료기기 업무 자동화를 위한 AI 워크플로우 [Advance] Lv.3 - 의료기기 품질관리(QA)를 위한 AI 활용 Lv.3 - 의료기기 인허가(RA)를 위한 AI 활용 Lv.4 - 의료기기 R&D를 위한 AI 활용 Lv.5 - 의료기기 데이터 파이프라인 구축 및 운영 | J28: [Basic] Lv.1 - 기획자와 컨설턴트를 위한 AI개발의 이해 Lv.2 - 바이브코딩 이론 및 실습 Lv.2 - 웹서비스 배포 전략 및 클라우드 서비스의 이해 [Advance] Lv.3 - 데이터베이스 이해 및 실습 1 (MySQL) Lv.3 - 데이터베이스 이해 및 실습 2 (Supabase) Lv.3 - 데이터베이스 이해 및 실습 3 (Firebase) Lv.4 - 웹앱서비스운영전략 Lv.5 - 개발에서 배포 운영까지의 파이프라인 구축
A29: {{edu_needreason}} | B29: 사업 필요성&목적 | J29: 기획자들의 경우 개발자와의 커뮤니케이션에서 어려움을 겪는 경우가 많음, 또한 관련 직무의 수요조사 결과 관련된 교육의 필요성이 제기됨 본 과정은 이런 소통과 기획자의 직무에 필요한 IT관련 기초지식을 배양하여 직무관련 역량을 높이며, 바이브코딩을 통해 업무의 프로세스와 효율을 높일 수 있다
A30: {{edu_curri}} | B30: 커리큘럼 요약 | J30: LLM(예: ChatGPT, Claude)의 구조와 생성형 AI 패러다임을 이해하고, 의료·바이오 산업에서의 적용 가능성과 한계를 학습하며 기초 툴을 실습한다. 업무 전환을 위해 프롬프트의 기본 구조와 컨텍스트 설계, 페르소나 설정 및 출력 제어 방법을 익히고 직무별 적용 실습을 진행한다. 의료 AI 윤리, 개인정보 비식별화, 저작권 및 사내 보안 가이드라인을 학습하여 민감정보를 안전하게 처리하는 역량을 강화한다.
A31: {{edu_edutime}} | B31: 총시간(%) | C31: =F78&"시간 (100%)" -> 1시간 (100%)
A32: {{time_day_1}} | B32: 1일차 교육시간 | C32: =COUNTA(G82:G90) -> 1
A33: {{time_day_2}} | B33: 2일차 교육시간 | C33: =COUNTA(G92:G100) -> 0
A34: {{time_day_3}} | B34: 3일차 교육시간 | C34: =COUNTA(G102:G110) -> 0
A35: {{time_day_4}} | B35: 4일차 교육시간 | C35: =COUNTA(G112:G120) -> 0
A36: {{time_day_5}} | B36: 5일차 교육시간 | C36: =COUNTA(G122:G130) -> 0
A37: {{topic_day_1}} | B37: 1일차 교육내용 | C37: =K82 -> 의료·바이오 분야의 AI 적용 현황과 한계를 파악한 후, ChatGPT·Claude·Gemini 등 주요 생성형 AI 도구의 원리를 이해하고 직접 실습한다. 프롬프트 엔지니어링 기법을 익혀 AI를 고급 활용하는 방법을 배우고, GPTs·Gems를 활용하여 의료기기 업무에 특화된 나만의 챗봇을 제작하는 실습을 진행한다. 마지막으로 AI 활용 시 반드시 고려해야 할 윤리적 이슈와 보안 가이드라인을 학습하여 안전한 AI 활용 역량을 갖춘다.
A38: {{topic_day_2}} | B38: 2일차 교육내용 | C38: =K92 -> 0
A39: {{topic_day_3}} | B39: 3일차 교육내용 | C39: =K102 -> 0
A40: {{topic_day_4}} | B40: 4일차 교육내용 | C40: =K112 -> 0
A41: {{topic_day_5}} | B41: 5일차 교육내용 | C41: =K122 -> 0
D45: 능력단위코드 | E45: 능력단위 명 | F45: 훈련시간 | G45: 능력단위요소 코드 | H45: 능력단위요소 명 | I45: 훈련시간
C46: =IFERROR(G46,"") -> 2001010211_16v3.1 | D46: =VLOOKUP(J46,통합!$A$2:$I$43,6,FALSE) -> 4 | E46: =VLOOKUP(J46,통합!$A$2:$I$43,8,FALSE) -> 01 | F46: =IF(COUNTIF($D$81:$D$130,D46)=0,"",COUNTIF($D$81:$D$130,D46)) -> 1 | G46: 2001010211_16v3.1 | H46: 하드웨어 분석하기 | I46: =IF(COUNTIF($G$81:$G$130,G46)=0,"",COUNTIF($G$81:$G$130,G46)) -> 1 | J46: 09.의료장비제조 > 01.의료기기품질관리> 의료기기 품질문서 개발
C47: =IFERROR(G47,"") -> 0 | F47: =IF(COUNTIF($D$81:$D$130,D47)=0,"",COUNTIF($D$81:$D$130,D47)) | I47: =IF(COUNTIF($G$81:$G$130,G47)=0,"",COUNTIF($G$81:$G$130,G47))
C48: =IFERROR(G48,"") -> 0 | F48: =IF(COUNTIF($D$81:$D$130,D48)=0,"",COUNTIF($D$81:$D$130,D48)) | I48: =IF(COUNTIF($G$81:$G$130,G48)=0,"",COUNTIF($G$81:$G$130,G48))
C49: =IFERROR(G49,"") -> 0 | F49: =IF(COUNTIF($D$81:$D$130,D49)=0,"",COUNTIF($D$81:$D$130,D49)) | I49: =IF(COUNTIF($G$81:$G$130,G49)=0,"",COUNTIF($G$81:$G$130,G49))
C50: =IFERROR(G50,"") -> 0 | F50: =IF(COUNTIF($D$81:$D$130,D50)=0,"",COUNTIF($D$81:$D$130,D50)) | I50: =IF(COUNTIF($G$81:$G$130,G50)=0,"",COUNTIF($G$81:$G$130,G50))
C51: =IFERROR(G51,"") -> 0 | F51: =IF(COUNTIF($D$81:$D$130,D51)=0,"",COUNTIF($D$81:$D$130,D51)) | I51: =IF(COUNTIF($G$81:$G$130,G51)=0,"",COUNTIF($G$81:$G$130,G51))
C52: =IFERROR(G52,"") -> 0 | F52: =IF(COUNTIF($D$81:$D$130,D52)=0,"",COUNTIF($D$81:$D$130,D52)) | I52: =IF(COUNTIF($G$81:$G$130,G52)=0,"",COUNTIF($G$81:$G$130,G52))
C53: =IFERROR(G53,"") -> 0 | F53: =IF(COUNTIF($D$81:$D$130,D53)=0,"",COUNTIF($D$81:$D$130,D53)) | I53: =IF(COUNTIF($G$81:$G$130,G53)=0,"",COUNTIF($G$81:$G$130,G53))
C54: =IFERROR(G54,"") -> 0 | F54: =IF(COUNTIF($D$81:$D$130,D54)=0,"",COUNTIF($D$81:$D$130,D54)) | I54: =IF(COUNTIF($G$81:$G$130,G54)=0,"",COUNTIF($G$81:$G$130,G54))
C55: =IFERROR(G55,"") -> 0 | F55: =IF(COUNTIF($D$81:$D$130,D55)=0,"",COUNTIF($D$81:$D$130,D55)) | I55: =IF(COUNTIF($G$81:$G$130,G55)=0,"",COUNTIF($G$81:$G$130,G55))
C56: =IFERROR(G56,"") -> 0 | F56: =IF(COUNTIF($D$81:$D$130,D56)=0,"",COUNTIF($D$81:$D$130,D56)) | I56: =IF(COUNTIF($G$81:$G$130,G56)=0,"",COUNTIF($G$81:$G$130,G56))
C57: =IFERROR(G57,"") -> 0 | F57: =IF(COUNTIF($D$81:$D$130,D57)=0,"",COUNTIF($D$81:$D$130,D57)) | I57: =IF(COUNTIF($G$81:$G$130,G57)=0,"",COUNTIF($G$81:$G$130,G57))
C58: =IFERROR(G58,"") -> 0 | F58: =IF(COUNTIF($D$81:$D$130,D58)=0,"",COUNTIF($D$81:$D$130,D58)) | I58: =IF(COUNTIF($G$81:$G$130,G58)=0,"",COUNTIF($G$81:$G$130,G58))
... C65: =IFERROR(G65,"") -> 0 | F65: =IF(COUNTIF($D$81:$D$130,D65)=0,"",COUNTIF($D$81:$D$130,D65)) | I65: =IF(COUNTIF($G$81:$G$130,G65)=0,"",COUNTIF($G$81:$G$130,G65))
C66: =IFERROR(G66,"") -> 0 | F66: =IF(COUNTIF($D$81:$D$130,D66)=0,"",COUNTIF($D$81:$D$130,D66)) | I66: =IF(COUNTIF($G$81:$G$130,#REF!)=0,"",COUNTIF($G$81:$G$130,#REF!))
C67: =IFERROR(G67,"") -> 0 | F67: =IF(COUNTIF($D$81:$D$130,D67)=0,"",COUNTIF($D$81:$D$130,D67)) | I67: =IF(COUNTIF($G$81:$G$130,G66)=0,"",COUNTIF($G$81:$G$130,G66))
C68: =IFERROR(G68,"") -> 0 | F68: =IF(COUNTIF($D$81:$D$130,D68)=0,"",COUNTIF($D$81:$D$130,D68)) | I68: =IF(COUNTIF($G$81:$G$130,G68)=0,"",COUNTIF($G$81:$G$130,G68))
C69: =IFERROR(G69,"") -> 0 | F69: =IF(COUNTIF($D$81:$D$130,D69)=0,"",COUNTIF($D$81:$D$130,D69)) | I69: =IF(COUNTIF($G$81:$G$130,G69)=0,"",COUNTIF($G$81:$G$130,G69))
C70: =IFERROR(G70,"") -> 0 | F70: =IF(COUNTIF($D$81:$D$130,D70)=0,"",COUNTIF($D$81:$D$130,D70)) | I70: =IF(COUNTIF($G$81:$G$130,G70)=0,"",COUNTIF($G$81:$G$130,G70))
C71: =IFERROR(G71,"") -> 0 | F71: =IF(COUNTIF($D$81:$D$130,D71)=0,"",COUNTIF($D$81:$D$130,D71)) | I71: =IF(COUNTIF($G$81:$G$130,G71)=0,"",COUNTIF($G$81:$G$130,G71))
C72: =IFERROR(G72,"") -> 0 | F72: =IF(COUNTIF($D$81:$D$130,D72)=0,"",COUNTIF($D$81:$D$130,D72)) | I72: =IF(COUNTIF($G$81:$G$130,G72)=0,"",COUNTIF($G$81:$G$130,G72))
C73: =IFERROR(G73,"") -> 0 | F73: =IF(COUNTIF($D$81:$D$130,D73)=0,"",COUNTIF($D$81:$D$130,D73)) | I73: =IF(COUNTIF($G$81:$G$130,G73)=0,"",COUNTIF($G$81:$G$130,G73))
C74: =IFERROR(G74,"") -> 0 | F74: =IF(COUNTIF($D$81:$D$130,D74)=0,"",COUNTIF($D$81:$D$130,D74)) | I74: =IF(COUNTIF($G$81:$G$130,G74)=0,"",COUNTIF($G$81:$G$130,G74))
C75: =IFERROR(G75,"") -> 0 | F75: =IF(COUNTIF($D$81:$D$130,D75)=0,"",COUNTIF($D$81:$D$130,D75)) | I75: =IF(COUNTIF($G$81:$G$130,G75)=0,"",COUNTIF($G$81:$G$130,G75))
C76: =IFERROR(G76,"") -> 0 | F76: =IF(COUNTIF($D$81:$D$130,D76)=0,"",COUNTIF($D$81:$D$130,D76)) | I76: =IF(COUNTIF($G$81:$G$130,G76)=0,"",COUNTIF($G$81:$G$130,G76))
C77: =IFERROR(G77,"") -> 0 | F77: =IF(COUNTIF($D$81:$D$130,D77)=0,"",COUNTIF($D$81:$D$130,D77)) | I77: =IF(COUNTIF($G$81:$G$130,G77)=0,"",COUNTIF($G$81:$G$130,G77))
C78: 훈련시간(총) | F78: =SUM(F46:F77) -> 1 | I78: =SUM(I46:I77) -> 1
B81: 1일차 | C81: 시간 | D81: 능력단위코드 | E81: 능력단위 명 | G81: 능력단위요소 코드 | H81: 능력단위요소 명 | J81: 교육내용 | K81: 1일차 교육 내용
C82: 09:00 - 09:50 | D82: =IF(VLOOKUP(G82,$C$46:$E$77,2,FALSE)="","",VLOOKUP(G82,$C$46:$E$77,2,FALSE)) -> 4 | E82: =IF(VLOOKUP(G82,$C$46:$E$77,3,FALSE)="","",VLOOKUP(G82,$C$46:$E$77,3,FALSE)) -> 01 | G82: 2001010211_16v3.1 | H82: =IFERROR(VLOOKUP(G82,$G$46:$H$77,2,FALSE),"") -> 하드웨어 분석하기 | K82: 의료·바이오 분야의 AI 적용 현황과 한계를 파악한 후, ChatGPT·Claude·Gemini 등 주요 생성형 AI 도구의 원리를 이해하고 직접 실습한다. 프롬프트 엔지니어링 기법을 익혀 AI를 고급 활용하는 방법을 배우고, GPTs·Gems를 활용하여 의료기기 업무에 특화된 나만의 챗봇을 제작하는 실습을 진행한다. 마지막으로 AI 활용 시 반드시 고려해야 할 윤리적 이슈와 보안 가이드라인을 학습하여 안전한 AI 활용 역량을 갖춘다.
C83: 10:00 - 10:50 | D83: =IF(VLOOKUP(G83,$C$46:$E$77,2,FALSE)="","",VLOOKUP(G83,$C$46:$E$77,2,FALSE)) | E83: =IF(VLOOKUP(G83,$C$46:$E$77,3,FALSE)="","",VLOOKUP(G83,$C$46:$E$77,3,FALSE)) | H83: =IFERROR(VLOOKUP(G83,$G$46:$H$77,2,FALSE),"")
C84: 11:00 - 11:50 | D84: =IF(VLOOKUP(G84,$C$46:$E$77,2,FALSE)="","",VLOOKUP(G84,$C$46:$E$77,2,FALSE)) | E84: =IF(VLOOKUP(G84,$C$46:$E$77,3,FALSE)="","",VLOOKUP(G84,$C$46:$E$77,3,FALSE)) | H84: =IFERROR(VLOOKUP(G84,$G$46:$H$77,2,FALSE),"")
C85: 12:00 - 12:50 (점심)
C86: 13:00 - 13:50 | D86: =IF(VLOOKUP(G86,$C$46:$E$77,2,FALSE)="","",VLOOKUP(G86,$C$46:$E$77,2,FALSE)) | E86: =IF(VLOOKUP(G86,$C$46:$E$77,3,FALSE)="","",VLOOKUP(G86,$C$46:$E$77,3,FALSE)) | H86: =IFERROR(VLOOKUP(G86,$G$46:$H$77,2,FALSE),"") | J86: 의료·바이오 분야 AI 적용 사례와 한계점 분석
C87: 14:00 - 14:50 | D87: =IF(VLOOKUP(G87,$C$46:$E$77,2,FALSE)="","",VLOOKUP(G87,$C$46:$E$77,2,FALSE)) | E87: =IF(VLOOKUP(G87,$C$46:$E$77,3,FALSE)="","",VLOOKUP(G87,$C$46:$E$77,3,FALSE)) | H87: =IFERROR(VLOOKUP(G87,$G$46:$H$77,2,FALSE),"") | J87: 생성형 AI의 이해 및 활용 (ChatGPT/Claude/Gemini 실습)
C88: 15:00 - 15:50 | D88: =IF(VLOOKUP(G88,$C$46:$E$77,2,FALSE)="","",VLOOKUP(G88,$C$46:$E$77,2,FALSE)) | E88: =IF(VLOOKUP(G88,$C$46:$E$77,3,FALSE)="","",VLOOKUP(G88,$C$46:$E$77,3,FALSE)) | H88: =IFERROR(VLOOKUP(G88,$G$46:$H$77,2,FALSE),"") | J88: 프롬프트 엔지니어링 기법과 AI 고급 활용 실습
C89: 16:00 - 16:50 | D89: =IF(VLOOKUP(G89,$C$46:$E$77,2,FALSE)="","",VLOOKUP(G89,$C$46:$E$77,2,FALSE)) | E89: =IF(VLOOKUP(G89,$C$46:$E$77,3,FALSE)="","",VLOOKUP(G89,$C$46:$E$77,3,FALSE)) | H89: =IFERROR(VLOOKUP(G89,$G$46:$H$77,2,FALSE),"") | J89: 나만의 챗봇 만들기(GPTs/Gems) 및 AI 윤리·보안
C90: 17:00 - 17:50 | D90: =IF(VLOOKUP(G90,$C$46:$E$77,2,FALSE)="","",VLOOKUP(G90,$C$46:$E$77,2,FALSE)) | E90: =IF(VLOOKUP(G90,$C$46:$E$77,3,FALSE)="","",VLOOKUP(G90,$C$46:$E$77,3,FALSE)) | H90: =IFERROR(VLOOKUP(G90,$G$46:$H$77,2,FALSE),"")
B91: 2일차 | C91: 시간 | D91: 능력단위코드 | E91: 능력단위 명 | G91: 능력단위요소 코드 | H91: 능력단위요소 명 | J91: 교육내용 | K91: 2일차 교육 내용
C92: 09:00 - 09:50 | D92: =IF(VLOOKUP(G92,$C$46:$E$77,2,FALSE)="","",VLOOKUP(G92,$C$46:$E$77,2,FALSE)) | E92: =IF(VLOOKUP(G92,$C$46:$E$77,3,FALSE)="","",VLOOKUP(G92,$C$46:$E$77,3,FALSE)) | H92: =IFERROR(VLOOKUP(G92,$G$46:$H$77,2,FALSE),"")
C93: 10:00 - 10:50 | D93: =IF(VLOOKUP(G93,$C$46:$E$77,2,FALSE)="","",VLOOKUP(G93,$C$46:$E$77,2,FALSE)) | E93: =IF(VLOOKUP(G93,$C$46:$E$77,3,FALSE)="","",VLOOKUP(G93,$C$46:$E$77,3,FALSE)) | H93: =IFERROR(VLOOKUP(G93,$G$46:$H$77,2,FALSE),"")
C94: 11:00 - 11:50 | D94: =IF(VLOOKUP(G94,$C$46:$E$77,2,FALSE)="","",VLOOKUP(G94,$C$46:$E$77,2,FALSE)) | E94: =IF(VLOOKUP(G94,$C$46:$E$77,3,FALSE)="","",VLOOKUP(G94,$C$46:$E$77,3,FALSE)) | H94: =IFERROR(VLOOKUP(G94,$G$46:$H$77,2,FALSE),"")
C95: 12:00 - 12:50 (점심)
C96: 13:00 - 13:50 | D96: =IF(VLOOKUP(G96,$C$46:$E$77,2,FALSE)="","",VLOOKUP(G96,$C$46:$E$77,2,FALSE)) | E96: =IF(VLOOKUP(G96,$C$46:$E$77,3,FALSE)="","",VLOOKUP(G96,$C$46:$E$77,3,FALSE)) | H96: =IFERROR(VLOOKUP(G96,$G$46:$H$77,2,FALSE),"")
C97: 14:00 - 14:50 | D97: =IF(VLOOKUP(G97,$C$46:$E$77,2,FALSE)="","",VLOOKUP(G97,$C$46:$E$77,2,FALSE)) | E97: =IF(VLOOKUP(G97,$C$46:$E$77,3,FALSE)="","",VLOOKUP(G97,$C$46:$E$77,3,FALSE)) | H97: =IFERROR(VLOOKUP(G97,$G$46:$H$77,2,FALSE),"")
C98: 15:00 - 15:50 | D98: =IF(VLOOKUP(G98,$C$46:$E$77,2,FALSE)="","",VLOOKUP(G98,$C$46:$E$77,2,FALSE)) | E98: =IF(VLOOKUP(G98,$C$46:$E$77,3,FALSE)="","",VLOOKUP(G98,$C$46:$E$77,3,FALSE)) | H98: =IFERROR(VLOOKUP(G98,$G$46:$H$77,2,FALSE),"")
C99: 16:00 - 16:50 | D99: =IF(VLOOKUP(G99,$C$46:$E$77,2,FALSE)="","",VLOOKUP(G99,$C$46:$E$77,2,FALSE)) | E99: =IF(VLOOKUP(G99,$C$46:$E$77,3,FALSE)="","",VLOOKUP(G99,$C$46:$E$77,3,FALSE)) | H99: =IFERROR(VLOOKUP(G99,$G$46:$H$77,2,FALSE),"")
C100: 17:00 - 17:50 | D100: =IF(VLOOKUP(G100,$C$46:$E$77,2,FALSE)="","",VLOOKUP(G100,$C$46:$E$77,2,FALSE)) | E100: =IF(VLOOKUP(G100,$C$46:$E$77,3,FALSE)="","",VLOOKUP(G100,$C$46:$E$77,3,FALSE)) | H100: =IFERROR(VLOOKUP(G100,$G$46:$H$77,2,FALSE),"")
B101: 3일차 | C101: 시간 | D101: 능력단위코드 | E101: 능력단위 명 | G101: 능력단위요소 코드 | H101: 능력단위요소 명 | J101: 교육내용 | K101: 3일차 교육 내용
C102: 09:00 - 09:50 | D102: =IF(VLOOKUP(G102,$C$46:$E$77,2,FALSE)="","",VLOOKUP(G102,$C$46:$E$77,2,FALSE)) | E102: =IF(VLOOKUP(G102,$C$46:$E$77,3,FALSE)="","",VLOOKUP(G102,$C$46:$E$77,3,FALSE)) | H102: =IFERROR(VLOOKUP(G102,$G$46:$H$77,2,FALSE),"")
C103: 10:00 - 10:50 | D103: =IF(VLOOKUP(G103,$C$46:$E$77,2,FALSE)="","",VLOOKUP(G103,$C$46:$E$77,2,FALSE)) | E103: =IF(VLOOKUP(G103,$C$46:$E$77,3,FALSE)="","",VLOOKUP(G103,$C$46:$E$77,3,FALSE)) | H103: =IFERROR(VLOOKUP(G103,$G$46:$H$77,2,FALSE),"")
C104: 11:00 - 11:50 | D104: =IF(VLOOKUP(G104,$C$46:$E$77,2,FALSE)="","",VLOOKUP(G104,$C$46:$E$77,2,FALSE)) | E104: =IF(VLOOKUP(G104,$C$46:$E$77,3,FALSE)="","",VLOOKUP(G104,$C$46:$E$77,3,FALSE)) | H104: =IFERROR(VLOOKUP(G104,$G$46:$H$77,2,FALSE),"")
C105: 12:00 - 12:50 (점심)
C106: 13:00 - 13:50 | D106: =IF(VLOOKUP(G106,$C$46:$E$77,2,FALSE)="","",VLOOKUP(G106,$C$46:$E$77,2,FALSE)) | E106: =IF(VLOOKUP(G106,$C$46:$E$77,3,FALSE)="","",VLOOKUP(G106,$C$46:$E$77,3,FALSE)) | H106: =IFERROR(VLOOKUP(G106,$G$46:$H$77,2,FALSE),"")
C107: 14:00 - 14:50 | D107: =IF(VLOOKUP(G107,$C$46:$E$77,2,FALSE)="","",VLOOKUP(G107,$C$46:$E$77,2,FALSE)) | E107: =IF(VLOOKUP(G107,$C$46:$E$77,3,FALSE)="","",VLOOKUP(G107,$C$46:$E$77,3,FALSE)) | H107: =IFERROR(VLOOKUP(G107,$G$46:$H$77,2,FALSE),"")
C108: 15:00 - 15:50 | D108: =IF(VLOOKUP(G108,$C$46:$E$77,2,FALSE)="","",VLOOKUP(G108,$C$46:$E$77,2,FALSE)) | E108: =IF(VLOOKUP(G108,$C$46:$E$77,3,FALSE)="","",VLOOKUP(G108,$C$46:$E$77,3,FALSE)) | H108: =IFERROR(VLOOKUP(G108,$G$46:$H$77,2,FALSE),"")
C109: 16:00 - 16:50 | D109: =IF(VLOOKUP(G109,$C$46:$E$77,2,FALSE)="","",VLOOKUP(G109,$C$46:$E$77,2,FALSE)) | E109: =IF(VLOOKUP(G109,$C$46:$E$77,3,FALSE)="","",VLOOKUP(G109,$C$46:$E$77,3,FALSE)) | H109: =IFERROR(VLOOKUP(G109,$G$46:$H$77,2,FALSE),"")
C110: 17:00 - 17:50 | D110: =IF(VLOOKUP(G110,$C$46:$E$77,2,FALSE)="","",VLOOKUP(G110,$C$46:$E$77,2,FALSE)) | E110: =IF(VLOOKUP(G110,$C$46:$E$77,3,FALSE)="","",VLOOKUP(G110,$C$46:$E$77,3,FALSE)) | H110: =IFERROR(VLOOKUP(G110,$G$46:$H$77,2,FALSE),"")
B111: 4일차 | C111: 시간 | D111: 능력단위코드 | E111: 능력단위 명 | G111: 능력단위요소 코드 | H111: 능력단위요소 명 | J111: 교육내용 | K111: 4일차 교육 내용
...

Sheet 2-AFX-2 데이터
A1: 커리큘럼 기초 내용
B2: 분류선택 | C2: 07.인공지능 > 07.생성형AI엔지니어링> 프롬프트 구현
A3: {{edu_title}} | B3: 훈련과정명 | C3: 의료·바이오 데이터리터러시와 데이터시각화 (6h) | J3: 기획자와 컨설턴트를 위한 AI개발의 이해
B4: 커리큘럼 | C4: 1. 의료·바이오 데이터리터러시의 이해 2. 데이터분석의 기초와 데이터 수집 (ChatGPT/Claude/Gemini) 3. 데이터전처리 (Excel, Excel for Claude) : 비정형 데이터 정형화 4. 데이터시각화 기초 (ChatGPT, Tableau) 5. 데이터 분석 리포트 제작 (ChatGPT, Tableau)
A5: {{edu_cate01}} | B5: 대분류 | C5: =VLOOKUP($C$2,통합!A2:J52,2,FALSE) -> 20.정보통신
A6: {{edu_cate02}} | B6: 중분류 | C6: =VLOOKUP($C$2,통합!A2:J52,3,FALSE) -> 01.정보기술
A7: {{edu_cate03}} | B7: 소분류 | C7: =VLOOKUP($C$2,통합!A2:J52,4,FALSE) -> 07.인공지능
A8: {{edu_cate04}} | B8: 세분류 | C8: =VLOOKUP($C$2,통합!A2:J52,8,FALSE)&"."&VLOOKUP($C$2,통합!A2:J52,9,FALSE) -> 05.프롬프트 구현
A9: {{edu_cate05}} | B9: 훈련방법 | C9: =VLOOKUP($C$2,통합!A2:J52,7,FALSE) -> 2001070705_25v1
A10: {{edu_ncslevel}} | B10: 훈련수준 | C10: =VLOOKUP($C$2,통합!A2:J52,6,FALSE) -> 5
A11: {{edu_time}} | B11: 훈련시간 | C11: =F78&"시간( "&K131&"일)" -> 1시간( 1일) | J11: 000시간(00일)
A12: 교육과정 세부 정보
A13: {{edu_target}} | B13: 훈련대상자 | C13: 의료기기 개발·제조 기업 임직원 중 데이터 분석과 AI 활용에 관심이 있는 전 직군 (품질, RA, R&D, 생산, 영업, 경영지원 등) | J13: 기획자, 컨설턴트, 디자이너 등 개발과 AI에 이해가 필요한 직무
A14: {{edu_job}} | B14: 대상직종 | C14: 데이터 분석이 필요한 전 직무 | J14: 기획자
A15: {{edu_limit}} | B15: 정원 | C15: 20명 | J15: 00명
A16: {{edu_feature}} | B16: 훈련과정 특성 | C16: 의료기기 산업 종사자를 대상으로 데이터리터러시의 기본 개념부터 AI를 활용한 데이터 수집·전처리·시각화·리포트 제작까지 다루는 AI 전환(AX) 데이터 활용 과정으로, 의료기기 분야 실제 데이터 사례와 실습 중심의 교육을 통해 데이터 기반 의사결정 역량을 강화하는 신기술·융복합 훈련과정 | J16: 4차 산업혁명 등 관련된 신기술, 융복합, 미래전략산업 직종 과정 등 훈련과정의 특성 기재
A17: {{edu_summary}} | B17: 주요훈련내용 | C17: 의료·바이오 분야의 데이터리터러시 개념을 이해하고, ChatGPT·Claude·Gemini를 활용한 데이터 수집 방법을 학습한다. Excel과 Excel for Claude를 활용하여 비정형 의료기기 데이터를 정형화하는 전처리 기법을 익히고, ChatGPT와 Tableau를 활용한 데이터시각화 기초를 배운다. 최종적으로 의료기기 분야 데이터 분석 리포트를 직접 제작하는 실습을 수행한다. | J17: 주요훈련내용을 요약해서 작성
A18: {{edu_ncsreason}} | B18: NCS 미적용 사유 | C18: 본 훈련과정은 의료기기 산업 현장의 데이터 기반 AI 전환(AX) 수요에 맞춰 데이터리터러시 및 시각화 역량 강화를 목적으로 설계된 과정으로, 기존 NCS 분류체계에 정확히 부합하는 능력단위가 부재하여 산업 현장 맞춤형 커리큘럼으로 자체 구성함 | J18: 주요훈련내용을 요약해서 작성
A19: {{edu_goal}} | B19: 훈련목표 | C19: 의료기기 산업 종사자가 데이터리터러시의 개념을 이해하고, 생성형 AI(ChatGPT, Claude, Gemini)와 Tableau 등 도구를 활용하여 의료기기 데이터의 수집·전처리·시각화·리포트 제작까지 전 과정을 수행할 수 있는 데이터 활용 역량을 습득하는 것을 목표로 함 | J19: IT 기본 지식을 습득하고 개발자와 원활히 소통하며, 컨설팅 업무에 필요한 IT 전문 지식과 생성형 AI에 대한 이해를 높여 실무에 바로 적용할 수 있는 역량을 키우는 것을 목표로 함
A20: {{edu_guidegoal}} | B20: 지도목표 | C20: 의료기기 분야의 데이터 특성과 활용 사례를 명확히 이해하고, AI 도구를 활용한 데이터 수집·전처리·시각화 실습을 통해 데이터 기반 의사결정 능력을 키워 의료기기 업무 현장에 바로 적용할 수 있는 실무 문제 해결 능력을 갖추어 업무 효율성을 높입니다. | J20: IT 기본 개념을 명확히 이해하고, 실습을 통해 능력을 키워 최신 AI 기술을 활용한 실무 문제 해결 능력을 갖추어 업무의 효율성을 높입니다.
A21: {{edu_guidegoaldetail}} | B21: 세부 지도목표 | C21: * 의료·바이오 분야 데이터리터러시의 개념과 중요성 이해 * 생성형 AI(ChatGPT, Claude, Gemini)를 활용한 데이터 수집 기법 습득 * Excel과 Excel for Claude를 활용한 비정형 데이터 전처리 능력 배양 * ChatGPT와 Tableau를 활용한 데이터시각화 기초 역량 강화 * 의료기기 분야 데이터 분석 리포트 제작 실습을 통한 종합 역량 함양 | J21: * 운영체제, 서버, 클라우드 인프라의 기본 개념 설명 * 데이터베이스의 기초 지식과 데이터 관리 방법 이해 * 생성형 AI와 LLM의 원리 및 적용 사례 소개 * IT 용어와 개념을 쉽게 설명하고 실제 사례를 통해 이해 증진
A22: {{edu_guidegoaldetail-1}} | B22: 지도내용 | C22: [데이터리터러시와 AI 기반 데이터 수집] - 의료·바이오 데이터리터러시의 개념과 의료기기 데이터 특성 이해 - AI(ChatGPT/Claude/Gemini)를 활용한 데이터 수집 방법론 | J22: [IT 기본 개념] - 운영체제와 서버의 기본 개념 - 클라우드 인프라의 이해
A23: {{edu_guidegoaldetail-2}} | C23: [데이터 전처리 및 시각화] - Excel과 Excel for Claude를 활용한 비정형 데이터 정형화 전처리 - ChatGPT와 Tableau를 활용한 데이터시각화 기초 | J23: [데이터베이스와 개발 기초] - 데이터베이스 기초 개념 - 개발 관련 기초 지식 및 용어
A24: {{edu_guidegoaldetail-3}} | C24: [데이터 분석 리포트 제작] - ChatGPT와 Tableau를 활용한 의료기기 데이터 분석 리포트 제작 - 데이터 기반 의사결정 및 리포트 발표 실습 | J24: [생성형 AI와 LLM] - 생성형 AI의 개념과 원리 - LLM의 동작 원리 및 실제 사례
A25: {{edu_learnhow}} | B25: 교수학습방법 | C25: 강의: 슬라이드 및 의료기기 데이터 분석 사례 자료를 활용하여 데이터리터러시의 개념과 활용 방법을 시각적으로 설명 실습: ChatGPT·Claude·Gemini를 활용한 데이터 수집, Excel·Excel for Claude를 활용한 전처리, Tableau를 활용한 시각화 및 리포트 제작 실습 토론: 의료기기 업무 현장의 실제 데이터 활용 사례를 기반으로 그룹 토론을 통해 실무 적용 능력 배양 Q&A: 실시간 질문을 통해 이해도 점검 및 피드백 제공 | J25: 강의: 슬라이드 및 영상 자료를 활용하여 시각적 이해를 돕고, 사례 중심으로 설명 실습: 간단한 클라우드 설정 및 데이터베이스 생성 실습 토론: 실제 사례에 기반한 토론을 통해 실무 적용 능력 배양 Q&A: 실시간 질문을 통해 이해도 점검 및 피드백 제공
A26: {{edu_testhow}} | B26: 평가방법 | C26: 가. 평가시점 : 교과목 수업 종료시 나. 평가내용 • AI 도구(ChatGPT, Claude, Gemini)를 활용한 데이터 수집 능력 • Excel 및 AI를 활용한 데이터 전처리 능력 • Tableau를 활용한 데이터시각화 및 리포트 제작 능력 다. 평가방법 • 결과평가 : 데이터 분석 리포트 제출 및 구두발표 | J26: 가. 평가시점 : 교과목 수업 종료시 나. 평가내용 • 호텔 운영 프로그램에 대한 지식(Fidelio, Opera 등) • 객실 업셀링 능력 • 고객정보 검색 능력 및 활용 기술 다. 평가방법 • 결과평가 : 구두발표
A27: {{edu_book}} | B27: 훈련교재 | C27: 자체교재 | J27: 자체교재
A28: {{edu_future}} | B28: 연계 훈련과정 (해당 훈련과정의 중장기 체계적 운영의 적정성을 위한 레벨업 실시 계획) | C28: [Basic] Lv.1 - 의료·바이오 AI 리터러시 입문 Lv.2 - 의료·바이오 데이터리터러시와 데이터시각화 (본 과정) Lv.2 - 의료기기 업무 자동화를 위한 AI 워크플로우 [Advance] Lv.3 - 의료기기 품질관리(QA)를 위한 AI 활용 Lv.3 - 의료기기 인허가(RA)를 위한 AI 활용 Lv.4 - 의료기기 R&D를 위한 AI 활용 Lv.5 - 의료기기 데이터 파이프라인 구축 및 운영 | J28: [Basic] Lv.1 - 기획자와 컨설턴트를 위한 AI개발의 이해 Lv.2 - 바이브코딩 이론 및 실습 Lv.2 - 웹서비스 배포 전략 및 클라우드 서비스의 이해 [Advance] Lv.3 - 데이터베이스 이해 및 실습 1 (MySQL) Lv.3 - 데이터베이스 이해 및 실습 2 (Supabase) Lv.3 - 데이터베이스 이해 및 실습 3 (Firebase) Lv.4 - 웹앱서비스운영전략 Lv.5 - 개발에서 배포 운영까지의 파이프라인 구축
A29: {{edu_needreason}} | B29: 사업 필요성&목적 | J29: 기획자들의 경우 개발자와의 커뮤니케이션에서 어려움을 겪는 경우가 많음, 또한 관련 직무의 수요조사 결과 관련된 교육의 필요성이 제기됨 본 과정은 이런 소통과 기획자의 직무에 필요한 IT관련 기초지식을 배양하여 직무관련 역량을 높이며, 바이브코딩을 통해 업무의 프로세스와 효율을 높일 수 있다
A30: {{edu_curri}} | B30: 커리큘럼 요약 | J30: LLM(예: ChatGPT, Claude)의 구조와 생성형 AI 패러다임을 이해하고, 의료·바이오 산업에서의 적용 가능성과 한계를 학습하며 기초 툴을 실습한다. 업무 전환을 위해 프롬프트의 기본 구조와 컨텍스트 설계, 페르소나 설정 및 출력 제어 방법을 익히고 직무별 적용 실습을 진행한다. 의료 AI 윤리, 개인정보 비식별화, 저작권 및 사내 보안 가이드라인을 학습하여 민감정보를 안전하게 처리하는 역량을 강화한다.
A31: {{edu_edutime}} | B31: 총시간(%) | C31: =F78&"시간 (100%)" -> 1시간 (100%)
A32: {{time_day_1}} | B32: 1일차 교육시간 | C32: =COUNTA(G82:G90) -> 1
A33: {{time_day_2}} | B33: 2일차 교육시간 | C33: =COUNTA(G92:G100) -> 0
A34: {{time_day_3}} | B34: 3일차 교육시간 | C34: =COUNTA(G102:G110) -> 0
A35: {{time_day_4}} | B35: 4일차 교육시간 | C35: =COUNTA(G112:G120) -> 0
A36: {{time_day_5}} | B36: 5일차 교육시간 | C36: =COUNTA(G122:G130) -> 0
A37: {{topic_day_1}} | B37: 1일차 교육내용 | C37: =K82 -> 의료·바이오 분야 데이터리터러시의 개념과 의료기기 데이터의 특성을 이해한 후, ChatGPT·Claude·Gemini를 활용하여 의료기기 관련 데이터를 직접 수집하는 실습을 진행한다. Excel과 Excel for Claude를 활용하여 비정형 의료기기 데이터를 정형화하는 전처리 기법을 실습하고, ChatGPT와 Tableau를 활용한 데이터시각화 기초를 배운다. 최종적으로 의료기기 분야 데이터를 활용한 분석 리포트를 직접 제작하고 발표하여 데이터 기반 의사결정 역량을 함양한다.
A38: {{topic_day_2}} | B38: 2일차 교육내용 | C38: =K92 -> 0
A39: {{topic_day_3}} | B39: 3일차 교육내용 | C39: =K102 -> 0
A40: {{topic_day_4}} | B40: 4일차 교육내용 | C40: =K112 -> 0
A41: {{topic_day_5}} | B41: 5일차 교육내용 | C41: =K122 -> 0
D45: 능력단위코드 | E45: 능력단위 명 | F45: 훈련시간 | G45: 능력단위요소 코드 | H45: 능력단위요소 명 | I45: 훈련시간
C46: =IFERROR(G46,"") -> 2001010211_16v3.1 | D46: =VLOOKUP(J46,통합!$A$2:$I$43,6,FALSE) -> 4 | E46: =VLOOKUP(J46,통합!$A$2:$I$43,8,FALSE) -> 01 | F46: =IF(COUNTIF($D$81:$D$130,D46)=0,"",COUNTIF($D$81:$D$130,D46)) -> 1 | G46: 2001010211_16v3.1 | H46: 하드웨어 분석하기 | I46: =IF(COUNTIF($G$81:$G$130,G46)=0,"",COUNTIF($G$81:$G$130,G46)) -> 1 | J46: 09.의료장비제조 > 01.의료기기품질관리> 의료기기 품질문서 개발
C47: =IFERROR(G47,"") -> 0 | F47: =IF(COUNTIF($D$81:$D$130,D47)=0,"",COUNTIF($D$81:$D$130,D47)) | I47: =IF(COUNTIF($G$81:$G$130,G47)=0,"",COUNTIF($G$81:$G$130,G47))
C48: =IFERROR(G48,"") -> 0 | F48: =IF(COUNTIF($D$81:$D$130,D48)=0,"",COUNTIF($D$81:$D$130,D48)) | I48: =IF(COUNTIF($G$81:$G$130,G48)=0,"",COUNTIF($G$81:$G$130,G48))
C49: =IFERROR(G49,"") -> 0 | F49: =IF(COUNTIF($D$81:$D$130,D49)=0,"",COUNTIF($D$81:$D$130,D49)) | I49: =IF(COUNTIF($G$81:$G$130,G49)=0,"",COUNTIF($G$81:$G$130,G49))
C50: =IFERROR(G50,"") -> 0 | F50: =IF(COUNTIF($D$81:$D$130,D50)=0,"",COUNTIF($D$81:$D$130,D50)) | I50: =IF(COUNTIF($G$81:$G$130,G50)=0,"",COUNTIF($G$81:$G$130,G50))
C51: =IFERROR(G51,"") -> 0 | F51: =IF(COUNTIF($D$81:$D$130,D51)=0,"",COUNTIF($D$81:$D$130,D51)) | I51: =IF(COUNTIF($G$81:$G$130,G51)=0,"",COUNTIF($G$81:$G$130,G51))
C52: =IFERROR(G52,"") -> 0 | F52: =IF(COUNTIF($D$81:$D$130,D52)=0,"",COUNTIF($D$81:$D$130,D52)) | I52: =IF(COUNTIF($G$81:$G$130,G52)=0,"",COUNTIF($G$81:$G$130,G52))
C53: =IFERROR(G53,"") -> 0 | F53: =IF(COUNTIF($D$81:$D$130,D53)=0,"",COUNTIF($D$81:$D$130,D53)) | I53: =IF(COUNTIF($G$81:$G$130,G53)=0,"",COUNTIF($G$81:$G$130,G53))
C54: =IFERROR(G54,"") -> 0 | F54: =IF(COUNTIF($D$81:$D$130,D54)=0,"",COUNTIF($D$81:$D$130,D54)) | I54: =IF(COUNTIF($G$81:$G$130,G54)=0,"",COUNTIF($G$81:$G$130,G54))
C55: =IFERROR(G55,"") -> 0 | F55: =IF(COUNTIF($D$81:$D$130,D55)=0,"",COUNTIF($D$81:$D$130,D55)) | I55: =IF(COUNTIF($G$81:$G$130,G55)=0,"",COUNTIF($G$81:$G$130,G55))
C56: =IFERROR(G56,"") -> 0 | F56: =IF(COUNTIF($D$81:$D$130,D56)=0,"",COUNTIF($D$81:$D$130,D56)) | I56: =IF(COUNTIF($G$81:$G$130,G56)=0,"",COUNTIF($G$81:$G$130,G56))
C57: =IFERROR(G57,"") -> 0 | F57: =IF(COUNTIF($D$81:$D$130,D57)=0,"",COUNTIF($D$81:$D$130,D57)) | I57: =IF(COUNTIF($G$81:$G$130,G57)=0,"",COUNTIF($G$81:$G$130,G57))
C58: =IFERROR(G58,"") -> 0 | F58: =IF(COUNTIF($D$81:$D$130,D58)=0,"",COUNTIF($D$81:$D$130,D58)) | I58: =IF(COUNTIF($G$81:$G$130,G58)=0,"",COUNTIF($G$81:$G$130,G58))
... C65: =IFERROR(G65,"") -> 0 | F65: =IF(COUNTIF($D$81:$D$130,D65)=0,"",COUNTIF($D$81:$D$130,D65)) | I65: =IF(COUNTIF($G$81:$G$130,G65)=0,"",COUNTIF($G$81:$G$130,G65))
C66: =IFERROR(G66,"") -> 0 | F66: =IF(COUNTIF($D$81:$D$130,D66)=0,"",COUNTIF($D$81:$D$130,D66)) | I66: =IF(COUNTIF($G$81:$G$130,#REF!)=0,"",COUNTIF($G$81:$G$130,#REF!))
C67: =IFERROR(G67,"") -> 0 | F67: =IF(COUNTIF($D$81:$D$130,D67)=0,"",COUNTIF($D$81:$D$130,D67)) | I67: =IF(COUNTIF($G$81:$G$130,G66)=0,"",COUNTIF($G$81:$G$130,G66))
C68: =IFERROR(G68,"") -> 0 | F68: =IF(COUNTIF($D$81:$D$130,D68)=0,"",COUNTIF($D$81:$D$130,D68)) | I68: =IF(COUNTIF($G$81:$G$130,G68)=0,"",COUNTIF($G$81:$G$130,G68))
C69: =IFERROR(G69,"") -> 0 | F69: =IF(COUNTIF($D$81:$D$130,D69)=0,"",COUNTIF($D$81:$D$130,D69)) | I69: =IF(COUNTIF($G$81:$G$130,G69)=0,"",COUNTIF($G$81:$G$130,G69))
C70: =IFERROR(G70,"") -> 0 | F70: =IF(COUNTIF($D$81:$D$130,D70)=0,"",COUNTIF($D$81:$D$130,D70)) | I70: =IF(COUNTIF($G$81:$G$130,G70)=0,"",COUNTIF($G$81:$G$130,G70))
C71: =IFERROR(G71,"") -> 0 | F71: =IF(COUNTIF($D$81:$D$130,D71)=0,"",COUNTIF($D$81:$D$130,D71)) | I71: =IF(COUNTIF($G$81:$G$130,G71)=0,"",COUNTIF($G$81:$G$130,G71))
C72: =IFERROR(G72,"") -> 0 | F72: =IF(COUNTIF($D$81:$D$130,D72)=0,"",COUNTIF($D$81:$D$130,D72)) | I72: =IF(COUNTIF($G$81:$G$130,G72)=0,"",COUNTIF($G$81:$G$130,G72))
C73: =IFERROR(G73,"") -> 0 | F73: =IF(COUNTIF($D$81:$D$130,D73)=0,"",COUNTIF($D$81:$D$130,D73)) | I73: =IF(COUNTIF($G$81:$G$130,G73)=0,"",COUNTIF($G$81:$G$130,G73))
C74: =IFERROR(G74,"") -> 0 | F74: =IF(COUNTIF($D$81:$D$130,D74)=0,"",COUNTIF($D$81:$D$130,D74)) | I74: =IF(COUNTIF($G$81:$G$130,G74)=0,"",COUNTIF($G$81:$G$130,G74))
C75: =IFERROR(G75,"") -> 0 | F75: =IF(COUNTIF($D$81:$D$130,D75)=0,"",COUNTIF($D$81:$D$130,D75)) | I75: =IF(COUNTIF($G$81:$G$130,G75)=0,"",COUNTIF($G$81:$G$130,G75))
C76: =IFERROR(G76,"") -> 0 | F76: =IF(COUNTIF($D$81:$D$130,D76)=0,"",COUNTIF($D$81:$D$130,D76)) | I76: =IF(COUNTIF($G$81:$G$130,G76)=0,"",COUNTIF($G$81:$G$130,G76))
C77: =IFERROR(G77,"") -> 0 | F77: =IF(COUNTIF($D$81:$D$130,D77)=0,"",COUNTIF($D$81:$D$130,D77)) | I77: =IF(COUNTIF($G$81:$G$130,G77)=0,"",COUNTIF($G$81:$G$130,G77))
C78: 훈련시간(총) | F78: =SUM(F46:F77) -> 1 | I78: =SUM(I46:I77) -> 1
B81: 1일차 | C81: 시간 | D81: 능력단위코드 | E81: 능력단위 명 | G81: 능력단위요소 코드 | H81: 능력단위요소 명 | J81: 교육내용 | K81: 1일차 교육 내용
C82: 09:00 - 09:50 | D82: =IF(VLOOKUP(G82,$C$46:$E$77,2,FALSE)="","",VLOOKUP(G82,$C$46:$E$77,2,FALSE)) -> 4 | E82: =IF(VLOOKUP(G82,$C$46:$E$77,3,FALSE)="","",VLOOKUP(G82,$C$46:$E$77,3,FALSE)) -> 01 | G82: 2001010211_16v3.1 | H82: =IFERROR(VLOOKUP(G82,$G$46:$H$77,2,FALSE),"") -> 하드웨어 분석하기 | J82: 의료·바이오 데이터리터러시 개념과 의료기기 데이터 특성 | K82: 의료·바이오 분야 데이터리터러시의 개념과 의료기기 데이터의 특성을 이해한 후, ChatGPT·Claude·Gemini를 활용하여 의료기기 관련 데이터를 직접 수집하는 실습을 진행한다. Excel과 Excel for Claude를 활용하여 비정형 의료기기 데이터를 정형화하는 전처리 기법을 실습하고, ChatGPT와 Tableau를 활용한 데이터시각화 기초를 배운다. 최종적으로 의료기기 분야 데이터를 활용한 분석 리포트를 직접 제작하고 발표하여 데이터 기반 의사결정 역량을 함양한다.
C83: 10:00 - 10:50 | D83: =IF(VLOOKUP(G83,$C$46:$E$77,2,FALSE)="","",VLOOKUP(G83,$C$46:$E$77,2,FALSE)) | E83: =IF(VLOOKUP(G83,$C$46:$E$77,3,FALSE)="","",VLOOKUP(G83,$C$46:$E$77,3,FALSE)) | H83: =IFERROR(VLOOKUP(G83,$G$46:$H$77,2,FALSE),"") | J83: AI를 활용한 데이터 수집 실습 (ChatGPT/Claude/Gemini)
C84: 11:00 - 11:50 | D84: =IF(VLOOKUP(G84,$C$46:$E$77,2,FALSE)="","",VLOOKUP(G84,$C$46:$E$77,2,FALSE)) | E84: =IF(VLOOKUP(G84,$C$46:$E$77,3,FALSE)="","",VLOOKUP(G84,$C$46:$E$77,3,FALSE)) | H84: =IFERROR(VLOOKUP(G84,$G$46:$H$77,2,FALSE),"") | J84: Excel과 Excel for Claude를 활용한 비정형 데이터 전처리 실습
C85: 12:00 - 12:50 (점심)
C86: 13:00 - 13:50 | D86: =IF(VLOOKUP(G86,$C$46:$E$77,2,FALSE)="","",VLOOKUP(G86,$C$46:$E$77,2,FALSE)) | E86: =IF(VLOOKUP(G86,$C$46:$E$77,3,FALSE)="","",VLOOKUP(G86,$C$46:$E$77,3,FALSE)) | H86: =IFERROR(VLOOKUP(G86,$G$46:$H$77,2,FALSE),"") | J86: 데이터시각화 기초 실습 (ChatGPT, Tableau 활용)
C87: 14:00 - 14:50 | D87: =IF(VLOOKUP(G87,$C$46:$E$77,2,FALSE)="","",VLOOKUP(G87,$C$46:$E$77,2,FALSE)) | E87: =IF(VLOOKUP(G87,$C$46:$E$77,3,FALSE)="","",VLOOKUP(G87,$C$46:$E$77,3,FALSE)) | H87: =IFERROR(VLOOKUP(G87,$G$46:$H$77,2,FALSE),"") | J87: 의료기기 데이터 분석 리포트 제작 실습 (Tableau)
C88: 15:00 - 15:50 | D88: =IF(VLOOKUP(G88,$C$46:$E$77,2,FALSE)="","",VLOOKUP(G88,$C$46:$E$77,2,FALSE)) | E88: =IF(VLOOKUP(G88,$C$46:$E$77,3,FALSE)="","",VLOOKUP(G88,$C$46:$E$77,3,FALSE)) | H88: =IFERROR(VLOOKUP(G88,$G$46:$H$77,2,FALSE),"") | J88: 데이터 분석 리포트 발표 및 피드백, 종합 정리·Q&A
C89: 16:00 - 16:50 | D89: =IF(VLOOKUP(G89,$C$46:$E$77,2,FALSE)="","",VLOOKUP(G89,$C$46:$E$77,2,FALSE)) | E89: =IF(VLOOKUP(G89,$C$46:$E$77,3,FALSE)="","",VLOOKUP(G89,$C$46:$E$77,3,FALSE)) | H89: =IFERROR(VLOOKUP(G89,$G$46:$H$77,2,FALSE),"")
C90: 17:00 - 17:50 | D90: =IF(VLOOKUP(G90,$C$46:$E$77,2,FALSE)="","",VLOOKUP(G90,$C$46:$E$77,2,FALSE)) | E90: =IF(VLOOKUP(G90,$C$46:$E$77,3,FALSE)="","",VLOOKUP(G90,$C$46:$E$77,3,FALSE)) | H90: =IFERROR(VLOOKUP(G90,$G$46:$H$77,2,FALSE),"")
B91: 2일차 | C91: 시간 | D91: 능력단위코드 | E91: 능력단위 명 | G91: 능력단위요소 코드 | H91: 능력단위요소 명 | J91: 교육내용 | K91: 2일차 교육 내용
C92: 09:00 - 09:50 | D92: =IF(VLOOKUP(G92,$C$46:$E$77,2,FALSE)="","",VLOOKUP(G92,$C$46:$E$77,2,FALSE)) | E92: =IF(VLOOKUP(G92,$C$46:$E$77,3,FALSE)="","",VLOOKUP(G92,$C$46:$E$77,3,FALSE)) | H92: =IFERROR(VLOOKUP(G92,$G$46:$H$77,2,FALSE),"")
C93: 10:00 - 10:50 | D93: =IF(VLOOKUP(G93,$C$46:$E$77,2,FALSE)="","",VLOOKUP(G93,$C$46:$E$77,2,FALSE)) | E93: =IF(VLOOKUP(G93,$C$46:$E$77,3,FALSE)="","",VLOOKUP(G93,$C$46:$E$77,3,FALSE)) | H93: =IFERROR(VLOOKUP(G93,$G$46:$H$77,2,FALSE),"")
C94: 11:00 - 11:50 | D94: =IF(VLOOKUP(G94,$C$46:$E$77,2,FALSE)="","",VLOOKUP(G94,$C$46:$E$77,2,FALSE)) | E94: =IF(VLOOKUP(G94,$C$46:$E$77,3,FALSE)="","",VLOOKUP(G94,$C$46:$E$77,3,FALSE)) | H94: =IFERROR(VLOOKUP(G94,$G$46:$H$77,2,FALSE),"")
C95: 12:00 - 12:50 (점심)
C96: 13:00 - 13:50 | D96: =IF(VLOOKUP(G96,$C$46:$E$77,2,FALSE)="","",VLOOKUP(G96,$C$46:$E$77,2,FALSE)) | E96: =IF(VLOOKUP(G96,$C$46:$E$77,3,FALSE)="","",VLOOKUP(G96,$C$46:$E$77,3,FALSE)) | H96: =IFERROR(VLOOKUP(G96,$G$46:$H$77,2,FALSE),"")
C97: 14:00 - 14:50 | D97: =IF(VLOOKUP(G97,$C$46:$E$77,2,FALSE)="","",VLOOKUP(G97,$C$46:$E$77,2,FALSE)) | E97: =IF(VLOOKUP(G97,$C$46:$E$77,3,FALSE)="","",VLOOKUP(G97,$C$46:$E$77,3,FALSE)) | H97: =IFERROR(VLOOKUP(G97,$G$46:$H$77,2,FALSE),"")
C98: 15:00 - 15:50 | D98: =IF(VLOOKUP(G98,$C$46:$E$77,2,FALSE)="","",VLOOKUP(G98,$C$46:$E$77,2,FALSE)) | E98: =IF(VLOOKUP(G98,$C$46:$E$77,3,FALSE)="","",VLOOKUP(G98,$C$46:$E$77,3,FALSE)) | H98: =IFERROR(VLOOKUP(G98,$G$46:$H$77,2,FALSE),"")
C99: 16:00 - 16:50 | D99: =IF(VLOOKUP(G99,$C$46:$E$77,2,FALSE)="","",VLOOKUP(G99,$C$46:$E$77,2,FALSE)) | E99: =IF(VLOOKUP(G99,$C$46:$E$77,3,FALSE)="","",VLOOKUP(G99,$C$46:$E$77,3,FALSE)) | H99: =IFERROR(VLOOKUP(G99,$G$46:$H$77,2,FALSE),"")
C100: 17:00 - 17:50 | D100: =IF(VLOOKUP(G100,$C$46:$E$77,2,FALSE)="","",VLOOKUP(G100,$C$46:$E$77,2,FALSE)) | E100: =IF(VLOOKUP(G100,$C$46:$E$77,3,FALSE)="","",VLOOKUP(G100,$C$46:$E$77,3,FALSE)) | H100: =IFERROR(VLOOKUP(G100,$G$46:$H$77,2,FALSE),"")
B101: 3일차 | C101: 시간 | D101: 능력단위코드 | E101: 능력단위 명 | G101: 능력단위요소 코드 | H101: 능력단위요소 명 | J101: 교육내용 | K101: 3일차 교육 내용
C102: 09:00 - 09:50 | D102: =IF(VLOOKUP(G102,$C$46:$E$77,2,FALSE)="","",VLOOKUP(G102,$C$46:$E$77,2,FALSE)) | E102: =IF(VLOOKUP(G102,$C$46:$E$77,3,FALSE)="","",VLOOKUP(G102,$C$46:$E$77,3,FALSE)) | H102: =IFERROR(VLOOKUP(G102,$G$46:$H$77,2,FALSE),"")
C103: 10:00 - 10:50 | D103: =IF(VLOOKUP(G103,$C$46:$E$77,2,FALSE)="","",VLOOKUP(G103,$C$46:$E$77,2,FALSE)) | E103: =IF(VLOOKUP(G103,$C$46:$E$77,3,FALSE)="","",VLOOKUP(G103,$C$46:$E$77,3,FALSE)) | H103: =IFERROR(VLOOKUP(G103,$G$46:$H$77,2,FALSE),"")
C104: 11:00 - 11:50 | D104: =IF(VLOOKUP(G104,$C$46:$E$77,2,FALSE)="","",VLOOKUP(G104,$C$46:$E$77,2,FALSE)) | E104: =IF(VLOOKUP(G104,$C$46:$E$77,3,FALSE)="","",VLOOKUP(G104,$C$46:$E$77,3,FALSE)) | H104: =IFERROR(VLOOKUP(G104,$G$46:$H$77,2,FALSE),"")
C105: 12:00 - 12:50 (점심)
C106: 13:00 - 13:50 | D106: =IF(VLOOKUP(G106,$C$46:$E$77,2,FALSE)="","",VLOOKUP(G106,$C$46:$E$77,2,FALSE)) | E106: =IF(VLOOKUP(G106,$C$46:$E$77,3,FALSE)="","",VLOOKUP(G106,$C$46:$E$77,3,FALSE)) | H106: =IFERROR(VLOOKUP(G106,$G$46:$H$77,2,FALSE),"")
C107: 14:00 - 14:50 | D107: =IF(VLOOKUP(G107,$C$46:$E$77,2,FALSE)="","",VLOOKUP(G107,$C$46:$E$77,2,FALSE)) | E107: =IF(VLOOKUP(G107,$C$46:$E$77,3,FALSE)="","",VLOOKUP(G107,$C$46:$E$77,3,FALSE)) | H107: =IFERROR(VLOOKUP(G107,$G$46:$H$77,2,FALSE),"")
C108: 15:00 - 15:50 | D108: =IF(VLOOKUP(G108,$C$46:$E$77,2,FALSE)="","",VLOOKUP(G108,$C$46:$E$77,2,FALSE)) | E108: =IF(VLOOKUP(G108,$C$46:$E$77,3,FALSE)="","",VLOOKUP(G108,$C$46:$E$77,3,FALSE)) | H108: =IFERROR(VLOOKUP(G108,$G$46:$H$77,2,FALSE),"")
C109: 16:00 - 16:50 | D109: =IF(VLOOKUP(G109,$C$46:$E$77,2,FALSE)="","",VLOOKUP(G109,$C$46:$E$77,2,FALSE)) | E109: =IF(VLOOKUP(G109,$C$46:$E$77,3,FALSE)="","",VLOOKUP(G109,$C$46:$E$77,3,FALSE)) | H109: =IFERROR(VLOOKUP(G109,$G$46:$H$77,2,FALSE),"")
C110: 17:00 - 17:50 | D110: =IF(VLOOKUP(G110,$C$46:$E$77,2,FALSE)="","",VLOOKUP(G110,$C$46:$E$77,2,FALSE)) | E110: =IF(VLOOKUP(G110,$C$46:$E$77,3,FALSE)="","",VLOOKUP(G110,$C$46:$E$77,3,FALSE)) | H110: =IFERROR(VLOOKUP(G110,$G$46:$H$77,2,FALSE),"")
B111: 4일차 | C111: 시간 | D111: 능력단위코드 | E111: 능력단위 명 | G111: 능력단위요소 코드 | H111: 능력단위요소 명 | J111: 교육내용 | K111: 4일차 교육 내용
...

Sheet 3-AFX-3 워크플로우
A1: 커리큘럼 기초 내용
B2: 분류선택 | C2: 07.인공지능 > 07.생성형AI엔지니어링> 프롬프트 구현
A3: {{edu_title}} | B3: 훈련과정명 | C3: AI 워크플로우 설계 기초 (8h) | J3: 기획자와 컨설턴트를 위한 AI개발의 이해
B4: 커리큘럼 | C4: 1. AI 워크플로우 도구의 이해 (Opal, n8n, Google AI Studio) 2. AI 워크플로우 설계 3. AI 워크플로우 실습 1 (Opal : Google 서비스 기반 워크플로우 설계) 4. AI 워크플로우 실습 2 (n8n : AI 업무자동화 워크플로우 설계) 5. AI 워크플로우 실습 3 (Google AI Studio : 멀티모달 기반 AI 워크플로우 앱 개발) 6. 통합 AI 워크플로우 구축 실습
A5: {{edu_cate01}} | B5: 대분류 | C5: =VLOOKUP($C$2,통합!A2:J52,2,FALSE) -> 20.정보통신
A6: {{edu_cate02}} | B6: 중분류 | C6: =VLOOKUP($C$2,통합!A2:J52,3,FALSE) -> 01.정보기술
A7: {{edu_cate03}} | B7: 소분류 | C7: =VLOOKUP($C$2,통합!A2:J52,4,FALSE) -> 07.인공지능
A8: {{edu_cate04}} | B8: 세분류 | C8: =VLOOKUP($C$2,통합!A2:J52,8,FALSE)&"."&VLOOKUP($C$2,통합!A2:J52,9,FALSE) -> 05.프롬프트 구현
A9: {{edu_cate05}} | B9: 훈련방법 | C9: =VLOOKUP($C$2,통합!A2:J52,7,FALSE) -> 2001070705_25v1
A10: {{edu_ncslevel}} | B10: 훈련수준 | C10: =VLOOKUP($C$2,통합!A2:J52,6,FALSE) -> 5
A11: {{edu_time}} | B11: 훈련시간 | C11: =F78&"시간( "&K131&"일)" -> 1시간( 1일) | J11: 000시간(00일)
A12: 교육과정 세부 정보
A13: {{edu_target}} | B13: 훈련대상자 | C13: 의료기기 개발·제조 기업 임직원 중 AI를 활용한 업무 자동화와 워크플로우 설계에 관심이 있는 전 직군 (품질, RA, R&D, 생산, 영업, 경영지원 등) | J13: 기획자, 컨설턴트, 디자이너 등 개발과 AI에 이해가 필요한 직무
A14: {{edu_job}} | B14: 대상직종 | C14: AI 워크플로우와 자동화가 필요한 모든 직무 | J14: 기획자
A15: {{edu_limit}} | B15: 정원 | C15: 20명 | J15: 00명
A16: {{edu_feature}} | B16: 훈련과정 특성 | C16: 의료기기 산업 종사자를 대상으로 AI 워크플로우 도구(Opal, n8n, Google AI Studio)의 개념부터 실제 업무 자동화 워크플로우 설계·구축까지 다루는 AI 전환(AX) 워크플로우 과정으로, 의료기기 분야 반복 업무의 자동화 사례와 실습 중심의 교육을 통해 업무 프로세스 혁신 역량을 강화하는 신기술·융복합 훈련과정 | J16: 4차 산업혁명 등 관련된 신기술, 융복합, 미래전략산업 직종 과정 등 훈련과정의 특성 기재
A17: {{edu_summary}} | B17: 주요훈련내용 | C17: AI 워크플로우 도구(Opal, n8n, Google AI Studio)의 개념과 특성을 이해하고, 의료기기 업무에 적합한 워크플로우를 설계하는 방법을 학습한다. Opal을 활용한 Google 서비스 기반 워크플로우, n8n을 활용한 업무자동화 워크플로우, Google AI Studio를 활용한 멀티모달 AI 워크플로우 앱 개발을 실습하고, 최종적으로 의료기기 업무에 특화된 통합 AI 워크플로우를 구축하는 프로젝트를 수행한다. | J17: 주요훈련내용을 요약해서 작성
A18: {{edu_ncsreason}} | B18: NCS 미적용 사유 | C18: 본 훈련과정은 의료기기 산업 현장의 AI 기반 업무 자동화 전환(AX) 수요에 맞춰 AI 워크플로우 설계 및 구축 역량 강화를 목적으로 설계된 과정으로, 기존 NCS 분류체계에 정확히 부합하는 능력단위가 부재하여 산업 현장 맞춤형 커리큘럼으로 자체 구성함 | J18: 주요훈련내용을 요약해서 작성
A19: {{edu_goal}} | B19: 훈련목표 | C19: 의료기기 산업 종사자가 AI 워크플로우 도구(Opal, n8n, Google AI Studio)의 원리와 활용법을 이해하고, 의료기기 업무의 반복 프로세스를 AI로 자동화하는 워크플로우를 직접 설계·구축할 수 있는 업무 자동화 역량을 습득하는 것을 목표로 함 | J19: IT 기본 지식을 습득하고 개발자와 원활히 소통하며, 컨설팅 업무에 필요한 IT 전문 지식과 생성형 AI에 대한 이해를 높여 실무에 바로 적용할 수 있는 역량을 키우는 것을 목표로 함
A20: {{edu_guidegoal}} | B20: 지도목표 | C20: AI 워크플로우 도구의 기본 원리와 설계 방법론을 명확히 이해하고, 실습을 통해 Opal·n8n·Google AI Studio 활용 능력을 키워 의료기기 업무 현장의 반복 프로세스를 AI로 자동화할 수 있는 실무 문제 해결 능력을 갖추어 업무 효율성을 높입니다. | J20: IT 기본 개념을 명확히 이해하고, 실습을 통해 능력을 키워 최신 AI 기술을 활용한 실무 문제 해결 능력을 갖추어 업무의 효율성을 높입니다.
A21: {{edu_guidegoaldetail}} | B21: 세부 지도목표 | C21: * AI 워크플로우 도구(Opal, n8n, Google AI Studio)의 개념과 특성 비교 이해 * 의료기기 업무 프로세스 분석 및 AI 워크플로우 설계 방법론 습득 * Opal을 활용한 Google 서비스 기반 업무 자동화 워크플로우 이해 * n8n을 활용한 AI 업무자동화 워크플로우 설계 및 구현 실습 * Google AI Studio를 활용한 멀티모달 AI 워크플로우 앱 개발 실습 * 의료기기 업무에 특화된 통합 AI 워크플로우 구축 및 발표 | J21: * 운영체제, 서버, 클라우드 인프라의 기본 개념 설명 * 데이터베이스의 기초 지식과 데이터 관리 방법 이해 * 생성형 AI와 LLM의 원리 및 적용 사례 소개 * IT 용어와 개념을 쉽게 설명하고 실제 사례를 통해 이해 증진
A22: {{edu_guidegoaldetail-1}} | B22: 지도내용 | C22: [AI 워크플로우 도구 이해와 설계] - AI 워크플로우 도구(Opal, n8n, Google AI Studio)의 개념과 특성 비교 - 의료기기 업무 프로세스 분석 및 워크플로우 설계 방법론 | J22: [IT 기본 개념] - 운영체제와 서버의 기본 개념 - 클라우드 인프라의 이해
A23: {{edu_guidegoaldetail-2}} | C23: [도구별 워크플로우 실습] - Opal을 활용한 Google 서비스 기반 업무 자동화 워크플로우 이해 - n8n을 활용한 AI 업무자동화 워크플로우 설계 및 구현 | J23: [데이터베이스와 개발 기초] - 데이터베이스 기초 개념 - 개발 관련 기초 지식 및 용어
A24: {{edu_guidegoaldetail-3}} | C24: [멀티모달 AI 앱 및 통합 워크플로우 구축] - Google AI Studio를 활용한 멀티모달 AI 워크플로우 앱 개발 - 의료기기 업무에 특화된 통합 AI 워크플로우 구축 및 발표 | J24: [생성형 AI와 LLM] - 생성형 AI의 개념과 원리 - LLM의 동작 원리 및 실제 사례
A25: {{edu_learnhow}} | B25: 교수학습방법 | C25: 강의: 슬라이드 및 의료기기 업무 자동화 사례 영상 자료를 활용하여 AI 워크플로우 도구의 개념과 설계 방법을 시각적으로 설명 실습: Opal·n8n·Google AI Studio를 직접 활용한 워크플로우 설계 및 구축 실습, 의료기기 업무 시나리오 기반 통합 프로젝트 수행 토론: 의료기기 업무 현장의 반복 프로세스 개선 방안에 대한 그룹 토론을 통해 실무 적용 능력 배양 Q&A: 실시간 질문을 통해 이해도 점검 및 피드백 제공 | J25: 강의: 슬라이드 및 영상 자료를 활용하여 시각적 이해를 돕고, 사례 중심으로 설명 실습: 간단한 클라우드 설정 및 데이터베이스 생성 실습 토론: 실제 사례에 기반한 토론을 통해 실무 적용 능력 배양 Q&A: 실시간 질문을 통해 이해도 점검 및 피드백 제공
A26: {{edu_testhow}} | B26: 평가방법 | C26: 가. 평가시점 : 교과목 수업 종료시 나. 평가내용 • AI 워크플로우 도구(n8n, Google AI Studio)의 기본 활용 능력 • 의료기기 업무 프로세스에 맞는 워크플로우 설계 능력 • 통합 AI 워크플로우 구축 및 발표 능력 다. 평가방법 • 결과평가 : 통합 워크플로우 구축 결과물 제출 및 구두발표 | J26: 가. 평가시점 : 교과목 수업 종료시 나. 평가내용 • 호텔 운영 프로그램에 대한 지식(Fidelio, Opera 등) • 객실 업셀링 능력 • 고객정보 검색 능력 및 활용 기술 다. 평가방법 • 결과평가 : 구두발표
A27: {{edu_book}} | B27: 훈련교재 | C27: 자체교재 | J27: 자체교재
A28: {{edu_future}} | B28: 연계 훈련과정 (해당 훈련과정의 중장기 체계적 운영의 적정성을 위한 레벨업 실시 계획) | C28: [Basic] Lv.1 - 의료·바이오 AI 리터러시 입문 Lv.2 - 의료·바이오 데이터리터러시와 데이터시각화 Lv.2 - AI 워크플로우 설계 기초 (본 과정) [Advance] Lv.3 - 의료기기 품질관리(QA)를 위한 AI 활용 Lv.3 - 의료기기 인허가(RA)를 위한 AI 활용 Lv.4 - 의료기기 R&D를 위한 AI 활용 Lv.5 - 의료기기 데이터 파이프라인 구축 및 운영 | J28: [Basic] Lv.1 - 기획자와 컨설턴트를 위한 AI개발의 이해 Lv.2 - 바이브코딩 이론 및 실습 Lv.2 - 웹서비스 배포 전략 및 클라우드 서비스의 이해 [Advance] Lv.3 - 데이터베이스 이해 및 실습 1 (MySQL) Lv.3 - 데이터베이스 이해 및 실습 2 (Supabase) Lv.3 - 데이터베이스 이해 및 실습 3 (Firebase) Lv.4 - 웹앱서비스운영전략 Lv.5 - 개발에서 배포 운영까지의 파이프라인 구축
A29: {{edu_needreason}} | B29: 사업 필요성&목적 | J29: 기획자들의 경우 개발자와의 커뮤니케이션에서 어려움을 겪는 경우가 많음, 또한 관련 직무의 수요조사 결과 관련된 교육의 필요성이 제기됨 본 과정은 이런 소통과 기획자의 직무에 필요한 IT관련 기초지식을 배양하여 직무관련 역량을 높이며, 바이브코딩을 통해 업무의 프로세스와 효율을 높일 수 있다
A30: {{edu_curri}} | B30: 커리큘럼 요약 | J30: LLM(예: ChatGPT, Claude)의 구조와 생성형 AI 패러다임을 이해하고, 의료·바이오 산업에서의 적용 가능성과 한계를 학습하며 기초 툴을 실습한다. 업무 전환을 위해 프롬프트의 기본 구조와 컨텍스트 설계, 페르소나 설정 및 출력 제어 방법을 익히고 직무별 적용 실습을 진행한다. 의료 AI 윤리, 개인정보 비식별화, 저작권 및 사내 보안 가이드라인을 학습하여 민감정보를 안전하게 처리하는 역량을 강화한다.
A31: {{edu_edutime}} | B31: 총시간(%) | C31: =F78&"시간 (100%)" -> 1시간 (100%)
A32: {{time_day_1}} | B32: 1일차 교육시간 | C32: =COUNTA(G82:G90) -> 1
A33: {{time_day_2}} | B33: 2일차 교육시간 | C33: =COUNTA(G92:G100) -> 0
A34: {{time_day_3}} | B34: 3일차 교육시간 | C34: =COUNTA(G102:G110) -> 0
A35: {{time_day_4}} | B35: 4일차 교육시간 | C35: =COUNTA(G112:G120) -> 0
A36: {{time_day_5}} | B36: 5일차 교육시간 | C36: =COUNTA(G122:G130) -> 0
A37: {{topic_day_1}} | B37: 1일차 교육내용 | C37: =K82 -> AI 워크플로우 도구(Opal, n8n, Google AI Studio)의 개념과 특성을 비교·이해한 후, 의료기기 업무 프로세스를 분석하여 AI 워크플로우를 설계하는 방법론을 학습한다. Opal을 활용한 Google 서비스 기반 업무 자동화, n8n을 활용한 AI 업무자동화 워크플로우 설계, Google AI Studio를 활용한 멀티모달 AI 앱 개발을 단계별로 실습한다. 최종적으로 의료기기 업무에 특화된 통합 AI 워크플로우를 직접 구축하는 프로젝트를 수행하고 결과를 발표하여 업무 프로세스 혁신 역량을 함양한다.
A38: {{topic_day_2}} | B38: 2일차 교육내용 | C38: =K92 -> 0
A39: {{topic_day_3}} | B39: 3일차 교육내용 | C39: =K102 -> 0
A40: {{topic_day_4}} | B40: 4일차 교육내용 | C40: =K112 -> 0
A41: {{topic_day_5}} | B41: 5일차 교육내용 | C41: =K122 -> 0
D45: 능력단위코드 | E45: 능력단위 명 | F45: 훈련시간 | G45: 능력단위요소 코드 | H45: 능력단위요소 명 | I45: 훈련시간
C46: =IFERROR(G46,"") -> 2001010211_16v3.1 | D46: =VLOOKUP(J46,통합!$A$2:$I$43,6,FALSE) -> 4 | E46: =VLOOKUP(J46,통합!$A$2:$I$43,8,FALSE) -> 01 | F46: =IF(COUNTIF($D$81:$D$130,D46)=0,"",COUNTIF($D$81:$D$130,D46)) -> 1 | G46: 2001010211_16v3.1 | H46: 하드웨어 분석하기 | I46: =IF(COUNTIF($G$81:$G$130,G46)=0,"",COUNTIF($G$81:$G$130,G46)) -> 1 | J46: 09.의료장비제조 > 01.의료기기품질관리> 의료기기 품질문서 개발
C47: =IFERROR(G47,"") -> 0 | F47: =IF(COUNTIF($D$81:$D$130,D47)=0,"",COUNTIF($D$81:$D$130,D47)) | I47: =IF(COUNTIF($G$81:$G$130,G47)=0,"",COUNTIF($G$81:$G$130,G47))
C48: =IFERROR(G48,"") -> 0 | F48: =IF(COUNTIF($D$81:$D$130,D48)=0,"",COUNTIF($D$81:$D$130,D48)) | I48: =IF(COUNTIF($G$81:$G$130,G48)=0,"",COUNTIF($G$81:$G$130,G48))
C49: =IFERROR(G49,"") -> 0 | F49: =IF(COUNTIF($D$81:$D$130,D49)=0,"",COUNTIF($D$81:$D$130,D49)) | I49: =IF(COUNTIF($G$81:$G$130,G49)=0,"",COUNTIF($G$81:$G$130,G49))
C50: =IFERROR(G50,"") -> 0 | F50: =IF(COUNTIF($D$81:$D$130,D50)=0,"",COUNTIF($D$81:$D$130,D50)) | I50: =IF(COUNTIF($G$81:$G$130,G50)=0,"",COUNTIF($G$81:$G$130,G50))
C51: =IFERROR(G51,"") -> 0 | F51: =IF(COUNTIF($D$81:$D$130,D51)=0,"",COUNTIF($D$81:$D$130,D51)) | I51: =IF(COUNTIF($G$81:$G$130,G51)=0,"",COUNTIF($G$81:$G$130,G51))
C52: =IFERROR(G52,"") -> 0 | F52: =IF(COUNTIF($D$81:$D$130,D52)=0,"",COUNTIF($D$81:$D$130,D52)) | I52: =IF(COUNTIF($G$81:$G$130,G52)=0,"",COUNTIF($G$81:$G$130,G52))
C53: =IFERROR(G53,"") -> 0 | F53: =IF(COUNTIF($D$81:$D$130,D53)=0,"",COUNTIF($D$81:$D$130,D53)) | I53: =IF(COUNTIF($G$81:$G$130,G53)=0,"",COUNTIF($G$81:$G$130,G53))
C54: =IFERROR(G54,"") -> 0 | F54: =IF(COUNTIF($D$81:$D$130,D54)=0,"",COUNTIF($D$81:$D$130,D54)) | I54: =IF(COUNTIF($G$81:$G$130,G54)=0,"",COUNTIF($G$81:$G$130,G54))
C55: =IFERROR(G55,"") -> 0 | F55: =IF(COUNTIF($D$81:$D$130,D55)=0,"",COUNTIF($D$81:$D$130,D55)) | I55: =IF(COUNTIF($G$81:$G$130,G55)=0,"",COUNTIF($G$81:$G$130,G55))
C56: =IFERROR(G56,"") -> 0 | F56: =IF(COUNTIF($D$81:$D$130,D56)=0,"",COUNTIF($D$81:$D$130,D56)) | I56: =IF(COUNTIF($G$81:$G$130,G56)=0,"",COUNTIF($G$81:$G$130,G56))
C57: =IFERROR(G57,"") -> 0 | F57: =IF(COUNTIF($D$81:$D$130,D57)=0,"",COUNTIF($D$81:$D$130,D57)) | I57: =IF(COUNTIF($G$81:$G$130,G57)=0,"",COUNTIF($G$81:$G$130,G57))
C58: =IFERROR(G58,"") -> 0 | F58: =IF(COUNTIF($D$81:$D$130,D58)=0,"",COUNTIF($D$81:$D$130,D58)) | I58: =IF(COUNTIF($G$81:$G$130,G58)=0,"",COUNTIF($G$81:$G$130,G58))
... C65: =IFERROR(G65,"") -> 0 | F65: =IF(COUNTIF($D$81:$D$130,D65)=0,"",COUNTIF($D$81:$D$130,D65)) | I65: =IF(COUNTIF($G$81:$G$130,G65)=0,"",COUNTIF($G$81:$G$130,G65))
C66: =IFERROR(G66,"") -> 0 | F66: =IF(COUNTIF($D$81:$D$130,D66)=0,"",COUNTIF($D$81:$D$130,D66)) | I66: =IF(COUNTIF($G$81:$G$130,#REF!)=0,"",COUNTIF($G$81:$G$130,#REF!))
C67: =IFERROR(G67,"") -> 0 | F67: =IF(COUNTIF($D$81:$D$130,D67)=0,"",COUNTIF($D$81:$D$130,D67)) | I67: =IF(COUNTIF($G$81:$G$130,G66)=0,"",COUNTIF($G$81:$G$130,G66))
C68: =IFERROR(G68,"") -> 0 | F68: =IF(COUNTIF($D$81:$D$130,D68)=0,"",COUNTIF($D$81:$D$130,D68)) | I68: =IF(COUNTIF($G$81:$G$130,G68)=0,"",COUNTIF($G$81:$G$130,G68))
C69: =IFERROR(G69,"") -> 0 | F69: =IF(COUNTIF($D$81:$D$130,D69)=0,"",COUNTIF($D$81:$D$130,D69)) | I69: =IF(COUNTIF($G$81:$G$130,G69)=0,"",COUNTIF($G$81:$G$130,G69))
C70: =IFERROR(G70,"") -> 0 | F70: =IF(COUNTIF($D$81:$D$130,D70)=0,"",COUNTIF($D$81:$D$130,D70)) | I70: =IF(COUNTIF($G$81:$G$130,G70)=0,"",COUNTIF($G$81:$G$130,G70))
C71: =IFERROR(G71,"") -> 0 | F71: =IF(COUNTIF($D$81:$D$130,D71)=0,"",COUNTIF($D$81:$D$130,D71)) | I71: =IF(COUNTIF($G$81:$G$130,G71)=0,"",COUNTIF($G$81:$G$130,G71))
C72: =IFERROR(G72,"") -> 0 | F72: =IF(COUNTIF($D$81:$D$130,D72)=0,"",COUNTIF($D$81:$D$130,D72)) | I72: =IF(COUNTIF($G$81:$G$130,G72)=0,"",COUNTIF($G$81:$G$130,G72))
C73: =IFERROR(G73,"") -> 0 | F73: =IF(COUNTIF($D$81:$D$130,D73)=0,"",COUNTIF($D$81:$D$130,D73)) | I73: =IF(COUNTIF($G$81:$G$130,G73)=0,"",COUNTIF($G$81:$G$130,G73))
C74: =IFERROR(G74,"") -> 0 | F74: =IF(COUNTIF($D$81:$D$130,D74)=0,"",COUNTIF($D$81:$D$130,D74)) | I74: =IF(COUNTIF($G$81:$G$130,G74)=0,"",COUNTIF($G$81:$G$130,G74))
C75: =IFERROR(G75,"") -> 0 | F75: =IF(COUNTIF($D$81:$D$130,D75)=0,"",COUNTIF($D$81:$D$130,D75)) | I75: =IF(COUNTIF($G$81:$G$130,G75)=0,"",COUNTIF($G$81:$G$130,G75))
C76: =IFERROR(G76,"") -> 0 | F76: =IF(COUNTIF($D$81:$D$130,D76)=0,"",COUNTIF($D$81:$D$130,D76)) | I76: =IF(COUNTIF($G$81:$G$130,G76)=0,"",COUNTIF($G$81:$G$130,G76))
C77: =IFERROR(G77,"") -> 0 | F77: =IF(COUNTIF($D$81:$D$130,D77)=0,"",COUNTIF($D$81:$D$130,D77)) | I77: =IF(COUNTIF($G$81:$G$130,G77)=0,"",COUNTIF($G$81:$G$130,G77))
C78: 훈련시간(총) | F78: =SUM(F46:F77) -> 1 | I78: =SUM(I46:I77) -> 1
B81: 1일차 | C81: 시간 | D81: 능력단위코드 | E81: 능력단위 명 | G81: 능력단위요소 코드 | H81: 능력단위요소 명 | J81: 교육내용 | K81: 1일차 교육 내용
C82: 09:00 - 09:50 | D82: =IF(VLOOKUP(G82,$C$46:$E$77,2,FALSE)="","",VLOOKUP(G82,$C$46:$E$77,2,FALSE)) -> 4 | E82: =IF(VLOOKUP(G82,$C$46:$E$77,3,FALSE)="","",VLOOKUP(G82,$C$46:$E$77,3,FALSE)) -> 01 | G82: 2001010211_16v3.1 | H82: =IFERROR(VLOOKUP(G82,$G$46:$H$77,2,FALSE),"") -> 하드웨어 분석하기 | J82: AI 워크플로우 도구 개요 (Opal, n8n, Google AI Studio 비교) | K82: AI 워크플로우 도구(Opal, n8n, Google AI Studio)의 개념과 특성을 비교·이해한 후, 의료기기 업무 프로세스를 분석하여 AI 워크플로우를 설계하는 방법론을 학습한다. Opal을 활용한 Google 서비스 기반 업무 자동화, n8n을 활용한 AI 업무자동화 워크플로우 설계, Google AI Studio를 활용한 멀티모달 AI 앱 개발을 단계별로 실습한다. 최종적으로 의료기기 업무에 특화된 통합 AI 워크플로우를 직접 구축하는 프로젝트를 수행하고 결과를 발표하여 업무 프로세스 혁신 역량을 함양한다.
C83: 10:00 - 10:50 | D83: =IF(VLOOKUP(G83,$C$46:$E$77,2,FALSE)="","",VLOOKUP(G83,$C$46:$E$77,2,FALSE)) | E83: =IF(VLOOKUP(G83,$C$46:$E$77,3,FALSE)="","",VLOOKUP(G83,$C$46:$E$77,3,FALSE)) | H83: =IFERROR(VLOOKUP(G83,$G$46:$H$77,2,FALSE),"") | J83: 의료기기 업무 프로세스 분석 및 AI 워크플로우 설계 방법론
C84: 11:00 - 11:50 | D84: =IF(VLOOKUP(G84,$C$46:$E$77,2,FALSE)="","",VLOOKUP(G84,$C$46:$E$77,2,FALSE)) | E84: =IF(VLOOKUP(G84,$C$46:$E$77,3,FALSE)="","",VLOOKUP(G84,$C$46:$E$77,3,FALSE)) | H84: =IFERROR(VLOOKUP(G84,$G$46:$H$77,2,FALSE),"") | J84: AI 워크플로우 실습 1: Opal을 활용한 Google 서비스 기반 자동화 이해
C85: 12:00 - 12:50 (점심)
C86: 13:00 - 13:50 | D86: =IF(VLOOKUP(G86,$C$46:$E$77,2,FALSE)="","",VLOOKUP(G86,$C$46:$E$77,2,FALSE)) | E86: =IF(VLOOKUP(G86,$C$46:$E$77,3,FALSE)="","",VLOOKUP(G86,$C$46:$E$77,3,FALSE)) | H86: =IFERROR(VLOOKUP(G86,$G$46:$H$77,2,FALSE),"") | J86: AI 워크플로우 실습 2: n8n을 활용한 업무자동화 워크플로우 설계
C87: 14:00 - 14:50 | D87: =IF(VLOOKUP(G87,$C$46:$E$77,2,FALSE)="","",VLOOKUP(G87,$C$46:$E$77,2,FALSE)) | E87: =IF(VLOOKUP(G87,$C$46:$E$77,3,FALSE)="","",VLOOKUP(G87,$C$46:$E$77,3,FALSE)) | H87: =IFERROR(VLOOKUP(G87,$G$46:$H$77,2,FALSE),"") | J87: AI 워크플로우 실습 2: n8n 워크플로우 심화 및 의료기기 시나리오 적용
C88: 15:00 - 15:50 | D88: =IF(VLOOKUP(G88,$C$46:$E$77,2,FALSE)="","",VLOOKUP(G88,$C$46:$E$77,2,FALSE)) | E88: =IF(VLOOKUP(G88,$C$46:$E$77,3,FALSE)="","",VLOOKUP(G88,$C$46:$E$77,3,FALSE)) | H88: =IFERROR(VLOOKUP(G88,$G$46:$H$77,2,FALSE),"") | J88: AI 워크플로우 실습 3: Google AI Studio 멀티모달 AI 앱 개발
C89: 16:00 - 16:50 | D89: =IF(VLOOKUP(G89,$C$46:$E$77,2,FALSE)="","",VLOOKUP(G89,$C$46:$E$77,2,FALSE)) | E89: =IF(VLOOKUP(G89,$C$46:$E$77,3,FALSE)="","",VLOOKUP(G89,$C$46:$E$77,3,FALSE)) | H89: =IFERROR(VLOOKUP(G89,$G$46:$H$77,2,FALSE),"") | J89: 통합 AI 워크플로우 구축 프로젝트 실습 및 결과 발표
C90: 17:00 - 17:50 | D90: =IF(VLOOKUP(G90,$C$46:$E$77,2,FALSE)="","",VLOOKUP(G90,$C$46:$E$77,2,FALSE)) | E90: =IF(VLOOKUP(G90,$C$46:$E$77,3,FALSE)="","",VLOOKUP(G90,$C$46:$E$77,3,FALSE)) | H90: =IFERROR(VLOOKUP(G90,$G$46:$H$77,2,FALSE),"") | J90: 통합 워크플로우 발표 피드백, 종합 정리 및 Q&A
B91: 2일차 | C91: 시간 | D91: 능력단위코드 | E91: 능력단위 명 | G91: 능력단위요소 코드 | H91: 능력단위요소 명 | J91: 교육내용 | K91: 2일차 교육 내용
C92: 09:00 - 09:50 | D92: =IF(VLOOKUP(G92,$C$46:$E$77,2,FALSE)="","",VLOOKUP(G92,$C$46:$E$77,2,FALSE)) | E92: =IF(VLOOKUP(G92,$C$46:$E$77,3,FALSE)="","",VLOOKUP(G92,$C$46:$E$77,3,FALSE)) | H92: =IFERROR(VLOOKUP(G92,$G$46:$H$77,2,FALSE),"")
C93: 10:00 - 10:50 | D93: =IF(VLOOKUP(G93,$C$46:$E$77,2,FALSE)="","",VLOOKUP(G93,$C$46:$E$77,2,FALSE)) | E93: =IF(VLOOKUP(G93,$C$46:$E$77,3,FALSE)="","",VLOOKUP(G93,$C$46:$E$77,3,FALSE)) | H93: =IFERROR(VLOOKUP(G93,$G$46:$H$77,2,FALSE),"")
C94: 11:00 - 11:50 | D94: =IF(VLOOKUP(G94,$C$46:$E$77,2,FALSE)="","",VLOOKUP(G94,$C$46:$E$77,2,FALSE)) | E94: =IF(VLOOKUP(G94,$C$46:$E$77,3,FALSE)="","",VLOOKUP(G94,$C$46:$E$77,3,FALSE)) | H94: =IFERROR(VLOOKUP(G94,$G$46:$H$77,2,FALSE),"")
C95: 12:00 - 12:50 (점심)
C96: 13:00 - 13:50 | D96: =IF(VLOOKUP(G96,$C$46:$E$77,2,FALSE)="","",VLOOKUP(G96,$C$46:$E$77,2,FALSE)) | E96: =IF(VLOOKUP(G96,$C$46:$E$77,3,FALSE)="","",VLOOKUP(G96,$C$46:$E$77,3,FALSE)) | H96: =IFERROR(VLOOKUP(G96,$G$46:$H$77,2,FALSE),"")
C97: 14:00 - 14:50 | D97: =IF(VLOOKUP(G97,$C$46:$E$77,2,FALSE)="","",VLOOKUP(G97,$C$46:$E$77,2,FALSE)) | E97: =IF(VLOOKUP(G97,$C$46:$E$77,3,FALSE)="","",VLOOKUP(G97,$C$46:$E$77,3,FALSE)) | H97: =IFERROR(VLOOKUP(G97,$G$46:$H$77,2,FALSE),"")
C98: 15:00 - 15:50 | D98: =IF(VLOOKUP(G98,$C$46:$E$77,2,FALSE)="","",VLOOKUP(G98,$C$46:$E$77,2,FALSE)) | E98: =IF(VLOOKUP(G98,$C$46:$E$77,3,FALSE)="","",VLOOKUP(G98,$C$46:$E$77,3,FALSE)) | H98: =IFERROR(VLOOKUP(G98,$G$46:$H$77,2,FALSE),"")
C99: 16:00 - 16:50 | D99: =IF(VLOOKUP(G99,$C$46:$E$77,2,FALSE)="","",VLOOKUP(G99,$C$46:$E$77,2,FALSE)) | E99: =IF(VLOOKUP(G99,$C$46:$E$77,3,FALSE)="","",VLOOKUP(G99,$C$46:$E$77,3,FALSE)) | H99: =IFERROR(VLOOKUP(G99,$G$46:$H$77,2,FALSE),"")
C100: 17:00 - 17:50 | D100: =IF(VLOOKUP(G100,$C$46:$E$77,2,FALSE)="","",VLOOKUP(G100,$C$46:$E$77,2,FALSE)) | E100: =IF(VLOOKUP(G100,$C$46:$E$77,3,FALSE)="","",VLOOKUP(G100,$C$46:$E$77,3,FALSE)) | H100: =IFERROR(VLOOKUP(G100,$G$46:$H$77,2,FALSE),"")
B101: 3일차 | C101: 시간 | D101: 능력단위코드 | E101: 능력단위 명 | G101: 능력단위요소 코드 | H101: 능력단위요소 명 | J101: 교육내용 | K101: 3일차 교육 내용
C102: 09:00 - 09:50 | D102: =IF(VLOOKUP(G102,$C$46:$E$77,2,FALSE)="","",VLOOKUP(G102,$C$46:$E$77,2,FALSE)) | E102: =IF(VLOOKUP(G102,$C$46:$E$77,3,FALSE)="","",VLOOKUP(G102,$C$46:$E$77,3,FALSE)) | H102: =IFERROR(VLOOKUP(G102,$G$46:$H$77,2,FALSE),"")
C103: 10:00 - 10:50 | D103: =IF(VLOOKUP(G103,$C$46:$E$77,2,FALSE)="","",VLOOKUP(G103,$C$46:$E$77,2,FALSE)) | E103: =IF(VLOOKUP(G103,$C$46:$E$77,3,FALSE)="","",VLOOKUP(G103,$C$46:$E$77,3,FALSE)) | H103: =IFERROR(VLOOKUP(G103,$G$46:$H$77,2,FALSE),"")
C104: 11:00 - 11:50 | D104: =IF(VLOOKUP(G104,$C$46:$E$77,2,FALSE)="","",VLOOKUP(G104,$C$46:$E$77,2,FALSE)) | E104: =IF(VLOOKUP(G104,$C$46:$E$77,3,FALSE)="","",VLOOKUP(G104,$C$46:$E$77,3,FALSE)) | H104: =IFERROR(VLOOKUP(G104,$G$46:$H$77,2,FALSE),"")
C105: 12:00 - 12:50 (점심)
C106: 13:00 - 13:50 | D106: =IF(VLOOKUP(G106,$C$46:$E$77,2,FALSE)="","",VLOOKUP(G106,$C$46:$E$77,2,FALSE)) | E106: =IF(VLOOKUP(G106,$C$46:$E$77,3,FALSE)="","",VLOOKUP(G106,$C$46:$E$77,3,FALSE)) | H106: =IFERROR(VLOOKUP(G106,$G$46:$H$77,2,FALSE),"")
C107: 14:00 - 14:50 | D107: =IF(VLOOKUP(G107,$C$46:$E$77,2,FALSE)="","",VLOOKUP(G107,$C$46:$E$77,2,FALSE)) | E107: =IF(VLOOKUP(G107,$C$46:$E$77,3,FALSE)="","",VLOOKUP(G107,$C$46:$E$77,3,FALSE)) | H107: =IFERROR(VLOOKUP(G107,$G$46:$H$77,2,FALSE),"")
C108: 15:00 - 15:50 | D108: =IF(VLOOKUP(G108,$C$46:$E$77,2,FALSE)="","",VLOOKUP(G108,$C$46:$E$77,2,FALSE)) | E108: =IF(VLOOKUP(G108,$C$46:$E$77,3,FALSE)="","",VLOOKUP(G108,$C$46:$E$77,3,FALSE)) | H108: =IFERROR(VLOOKUP(G108,$G$46:$H$77,2,FALSE),"")
C109: 16:00 - 16:50 | D109: =IF(VLOOKUP(G109,$C$46:$E$77,2,FALSE)="","",VLOOKUP(G109,$C$46:$E$77,2,FALSE)) | E109: =IF(VLOOKUP(G109,$C$46:$E$77,3,FALSE)="","",VLOOKUP(G109,$C$46:$E$77,3,FALSE)) | H109: =IFERROR(VLOOKUP(G109,$G$46:$H$77,2,FALSE),"")
C110: 17:00 - 17:50 | D110: =IF(VLOOKUP(G110,$C$46:$E$77,2,FALSE)="","",VLOOKUP(G110,$C$46:$E$77,2,FALSE)) | E110: =IF(VLOOKUP(G110,$C$46:$E$77,3,FALSE)="","",VLOOKUP(G110,$C$46:$E$77,3,FALSE)) | H110: =IFERROR(VLOOKUP(G110,$G$46:$H$77,2,FALSE),"")
B111: 4일차 | C111: 시간 | D111: 능력단위코드 | E111: 능력단위 명 | G111: 능력단위요소 코드 | H111: 능력단위요소 명 | J111: 교육내용 | K111: 4일차 교육 내용
...

Sheet 4-ALX QA
A1: 커리큘럼 기초 내용
B2: 분류선택 | C2: 07.인공지능 > 07.생성형AI엔지니어링> 프롬프트 구현
A3: {{edu_title}} | B3: 훈련과정명 | C3: ISO 13485 기반 QMS 반복문서 AI 자동화 구현 (18h) | J3: 기획자와 컨설턴트를 위한 AI개발의 이해
B4: 커리큘럼 | C4: 1. ISO 13485 기반 QMS 반복문서 구조 이해 (SOP, CAPA, 내부감사) 2. ISO 요구사항–문서 항목 매핑 체계 설계 3. 생성형 AI 기반 QMS 문서 자동 생성 기초 (ChatGPT, Claude) 4. SOP 자동 작성 템플릿 설계 실습 (ChatGPT, Claude, Office for Claude) 5. CAPA 보고서 AI 구조화 및 자동 초안 생성 (Claude 중심, ChatGPT 보조) 6. 내부감사 체크리스트 및 문서 검증 체크리스트 자동 생성 (Claude + Excel/Google Sheet 연계) 7. 문서 작성–검증 자동 흐름 설계 (n8n 기반 자동화 기초) 8. 최종 산출물 완성: SOP 자동 템플릿, CAPA 자동화 구조, 감사 대응 체크리스트
A5: {{edu_cate01}} | B5: 대분류 | C5: =VLOOKUP($C$2,통합!A2:J52,2,FALSE) -> 20.정보통신
A6: {{edu_cate02}} | B6: 중분류 | C6: =VLOOKUP($C$2,통합!A2:J52,3,FALSE) -> 01.정보기술
A7: {{edu_cate03}} | B7: 소분류 | C7: =VLOOKUP($C$2,통합!A2:J52,4,FALSE) -> 07.인공지능
A8: {{edu_cate04}} | B8: 세분류 | C8: =VLOOKUP($C$2,통합!A2:J52,8,FALSE)&"."&VLOOKUP($C$2,통합!A2:J52,9,FALSE) -> 05.프롬프트 구현
A9: {{edu_cate05}} | B9: 훈련방법 | C9: =VLOOKUP($C$2,통합!A2:J52,7,FALSE) -> 2001070705_25v1
A10: {{edu_ncslevel}} | B10: 훈련수준 | C10: =VLOOKUP($C$2,통합!A2:J52,6,FALSE) -> 5
A11: {{edu_time}} | B11: 훈련시간 | C11: =F78&"시간( "&K131&"일)" -> 1시간( 3일) | J11: 000시간(00일)
A12: 교육과정 세부 정보
A13: {{edu_target}} | B13: 훈련대상자 | C13: 의료기기 개발·제조 기업의 품질관리(QA/QC) 담당자 및 품질경영시스템(QMS) 운영 관련 임직원 | J13: 기획자, 컨설턴트, 디자이너 등 개발과 AI에 이해가 필요한 직무
A14: {{edu_job}} | B14: 대상직종 | C14: 의료기기 품질관리(QA/QC), 품질경영시스템(QMS) 운영, 내부감사, 규제대응 등 | J14: 기획자
A15: {{edu_limit}} | B15: 정원 | C15: 20명 | J15: 00명
A16: {{edu_feature}} | B16: 훈련과정 특성 | C16: 의료기기 품질관리 담당자를 대상으로 ISO 13485 기반 QMS 반복문서(SOP, CAPA, 내부감사 문서)의 구조를 이해하고, 생성형 AI(ChatGPT, Claude)와 n8n을 활용하여 문서 자동 생성·검증 체계를 구축하는 AI 전환(AX) 심화 과정으로, 실제 QMS 문서 자동화 실습 중심의 교육을 통해 품질관리 업무 혁신 역량을 강화하는 신기술·융복합 훈련과정 | J16: 4차 산업혁명 등 관련된 신기술, 융복합, 미래전략산업 직종 과정 등 훈련과정의 특성 기재
A17: {{edu_summary}} | B17: 주요훈련내용 | C17: QMS 문서의 구조와 유형을 이해하고, ISO 13485 요구사항과 문서 항목 간 관계를 분석한다. ChatGPT를 활용한 프롬프트 기반 문서 생성 기법을 습득하고, 기존 QMS 문서를 프롬프트 설계를 통해 생성하는 실습을 진행한다. Office for Claude를 활용하여 문서 템플릿을 설계하고 문서 AI 자동화 체계를 구현하는 실습을 수행한다. 최종적으로 문서 작성부터 검증까지의 자동 흐름을 설계하여 QMS 문서 자동화 역량을 완성한다. | J17: 주요훈련내용을 요약해서 작성
A18: {{edu_ncsreason}} | B18: NCS 미적용 사유 | C18: 본 훈련과정은 의료기기 품질관리(QA) 현장의 QMS 문서 자동화 AI 전환(AX) 수요에 맞춰 ISO 13485 기반 문서 자동화 역량 강화를 목적으로 설계된 과정으로, 기존 NCS 분류체계에 정확히 부합하는 능력단위가 부재하여 산업 현장 맞춤형 커리큘럼으로 자체 구성함 | J18: 주요훈련내용을 요약해서 작성
A19: {{edu_goal}} | B19: 훈련목표 | C19: 의료기기 품질관리 담당자가 QMS 문서의 구조와 ISO 13485 요구사항을 이해하고, 프롬프트 기반 문서 생성(ChatGPT)과 문서 템플릿 설계 및 AI 자동화 구현(Office for Claude)을 통해 QMS 문서의 작성부터 검증까지 자동 흐름을 직접 설계·구축할 수 있는 QMS 문서 자동화 역량을 습득하는 것을 목표로 함 | J19: IT 기본 지식을 습득하고 개발자와 원활히 소통하며, 컨설팅 업무에 필요한 IT 전문 지식과 생성형 AI에 대한 이해를 높여 실무에 바로 적용할 수 있는 역량을 키우는 것을 목표로 함
A20: {{edu_guidegoal}} | B20: 지도목표 | C20: ISO 13485 기반 QMS 문서의 구조와 AI 활용 자동화 방법론을 명확히 이해하고, 실습을 통해 생성형 AI 기반 문서 자동 생성·검증 능력을 키워 의료기기 품질관리 업무 현장에서 반복문서 작성 시간을 획기적으로 단축하고 문서 품질을 향상시킬 수 있는 실무 역량을 갖추어 업무 효율성을 높입니다. | J20: IT 기본 개념을 명확히 이해하고, 실습을 통해 능력을 키워 최신 AI 기술을 활용한 실무 문제 해결 능력을 갖추어 업무의 효율성을 높입니다.
A21: {{edu_guidegoaldetail}} | B21: 세부 지도목표 | C21: * QMS 문서의 구조와 유형(SOP, CAPA, 내부감사 등) 이해 및 문서 작성 요건 분석 * ISO 13485 요구사항의 이해 및 문서 항목 간 매핑 체계 설계 능력 습득 * ChatGPT를 활용한 프롬프트 기반 QMS 문서 생성 기법 배양 * Office for Claude를 활용한 문서 템플릿 설계 실습 * Office for Claude를 활용한 문서 AI 자동화 설계 및 구현 실습 * 문서 작성–검증 자동 흐름 설계 역량 함양 | J21: * 운영체제, 서버, 클라우드 인프라의 기본 개념 설명 * 데이터베이스의 기초 지식과 데이터 관리 방법 이해 * 생성형 AI와 LLM의 원리 및 적용 사례 소개 * IT 용어와 개념을 쉽게 설명하고 실제 사례를 통해 이해 증진
A22: {{edu_guidegoaldetail-1}} | B22: 지도내용 | C22: [QMS 문서 및 ISO 13485 요구사항 이해] - QMS 문서의 구조와 유형(SOP, CAPA, 내부감사) 분석 및 작성 요건 이해 - ISO 13485 요구사항 분석 및 문서 항목 간 매핑 체계 설계 | J22: [IT 기본 개념] - 운영체제와 서버의 기본 개념 - 클라우드 인프라의 이해
A23: {{edu_guidegoaldetail-2}} | C23: [프롬프트 기반 문서 생성 및 템플릿 설계] - ChatGPT를 활용한 프롬프트 설계 기반 기존 QMS 문서 생성 실습 - Office for Claude를 활용한 문서 템플릿 설계 실습 | J23: [데이터베이스와 개발 기초] - 데이터베이스 기초 개념 - 개발 관련 기초 지식 및 용어
A24: {{edu_guidegoaldetail-3}} | C24: [문서 AI 자동화 구현 및 자동 흐름 설계] - Office for Claude를 활용한 문서 AI 자동화 설계 및 구현 실습 - 문서 작성–검증 자동 흐름 설계 및 최종 산출물 완성 | J24: [생성형 AI와 LLM] - 생성형 AI의 개념과 원리 - LLM의 동작 원리 및 실제 사례
A25: {{edu_learnhow}} | B25: 교수학습방법 | C25: 강의: 슬라이드 및 ISO 13485 QMS 문서 사례 자료를 활용하여 QMS 문서 구조와 ISO 요구사항, AI 자동화 방법론을 시각적으로 설명 실습: ChatGPT를 활용한 프롬프트 기반 문서 생성 실습, Office for Claude를 활용한 템플릿 설계 및 문서 AI 자동화 구현 실습, 문서 작성–검증 자동 흐름 설계, 최종 산출물 완성 프로젝트 수행 토론: 의료기기 품질관리 현장의 QMS 문서 자동화 적용 방안에 대한 그룹 토론을 통해 실무 적용 능력 배양 Q&A: 실시간 질문을 통해 이해도 점검 및 피드백 제공 | J25: 강의: 슬라이드 및 영상 자료를 활용하여 시각적 이해를 돕고, 사례 중심으로 설명 실습: 간단한 클라우드 설정 및 데이터베이스 생성 실습 토론: 실제 사례에 기반한 토론을 통해 실무 적용 능력 배양 Q&A: 실시간 질문을 통해 이해도 점검 및 피드백 제공
A26: {{edu_testhow}} | B26: 평가방법 | C26: 가. 평가시점 : 교과목 수업 종료시 나. 평가내용 • ChatGPT를 활용한 프롬프트 기반 QMS 문서 생성 능력 • Office for Claude를 활용한 문서 템플릿 설계 및 AI 자동화 구현 능력 • 문서 작성–검증 자동 흐름 설계 능력 다. 평가방법 • 결과평가 : 최종 산출물(문서 템플릿, AI 자동화 구현물, 자동 흐름 설계서) 제출 및 구두발표 | J26: 가. 평가시점 : 교과목 수업 종료시 나. 평가내용 • 호텔 운영 프로그램에 대한 지식(Fidelio, Opera 등) • 객실 업셀링 능력 • 고객정보 검색 능력 및 활용 기술 다. 평가방법 • 결과평가 : 구두발표
A27: {{edu_book}} | B27: 훈련교재 | C27: 자체교재 | J27: 자체교재
A28: {{edu_future}} | B28: 연계 훈련과정 (해당 훈련과정의 중장기 체계적 운영의 적정성을 위한 레벨업 실시 계획) | C28: [Basic] Lv.1 - 의료·바이오 AI 리터러시 입문 Lv.2 - 의료·바이오 데이터리터러시와 데이터시각화 Lv.2 - AI 워크플로우 설계 기초 [Advance] Lv.3 - ISO 13485 기반 QMS 반복문서 AI 자동화 구현 (본 과정) Lv.3 - 의료기기 인허가(RA)를 위한 AI 활용 Lv.4 - 의료기기 R&D를 위한 AI 활용 Lv.5 - 의료기기 데이터 파이프라인 구축 및 운영 | J28: [Basic] Lv.1 - 기획자와 컨설턴트를 위한 AI개발의 이해 Lv.2 - 바이브코딩 이론 및 실습 Lv.2 - 웹서비스 배포 전략 및 클라우드 서비스의 이해 [Advance] Lv.3 - 데이터베이스 이해 및 실습 1 (MySQL) Lv.3 - 데이터베이스 이해 및 실습 2 (Supabase) Lv.3 - 데이터베이스 이해 및 실습 3 (Firebase) Lv.4 - 웹앱서비스운영전략 Lv.5 - 개발에서 배포 운영까지의 파이프라인 구축
A29: {{edu_needreason}} | B29: 사업 필요성&목적 | J29: 기획자들의 경우 개발자와의 커뮤니케이션에서 어려움을 겪는 경우가 많음, 또한 관련 직무의 수요조사 결과 관련된 교육의 필요성이 제기됨 본 과정은 이런 소통과 기획자의 직무에 필요한 IT관련 기초지식을 배양하여 직무관련 역량을 높이며, 바이브코딩을 통해 업무의 프로세스와 효율을 높일 수 있다
A30: {{edu_curri}} | B30: 커리큘럼 요약 | J30: LLM(예: ChatGPT, Claude)의 구조와 생성형 AI 패러다임을 이해하고, 의료·바이오 산업에서의 적용 가능성과 한계를 학습하며 기초 툴을 실습한다. 업무 전환을 위해 프롬프트의 기본 구조와 컨텍스트 설계, 페르소나 설정 및 출력 제어 방법을 익히고 직무별 적용 실습을 진행한다. 의료 AI 윤리, 개인정보 비식별화, 저작권 및 사내 보안 가이드라인을 학습하여 민감정보를 안전하게 처리하는 역량을 강화한다.
A31: {{edu_edutime}} | B31: 총시간(%) | C31: =F78&"시간 (100%)" -> 1시간 (100%)
A32: {{time_day_1}} | B32: 1일차 교육시간 | C32: =COUNTA(G82:G90) -> 1
A33: {{time_day_2}} | B33: 2일차 교육시간 | C33: =COUNTA(G92:G100) -> 0
A34: {{time_day_3}} | B34: 3일차 교육시간 | C34: =COUNTA(G102:G110) -> 0
A35: {{time_day_4}} | B35: 4일차 교육시간 | C35: =COUNTA(G112:G120) -> 0
A36: {{time_day_5}} | B36: 5일차 교육시간 | C36: =COUNTA(G122:G130) -> 0
A37: {{topic_day_1}} | B37: 1일차 교육내용 | C37: =K82 -> QMS 문서의 유형(SOP, CAPA, 내부감사 등)과 구조를 분석하고, 각 문서 유형별 작성 요건과 실무에서의 문서 작성 흐름을 이해한다. ISO 13485 요구사항의 핵심 조항을 분석·해설하고, ISO 요구사항과 문서 항목 간 매핑 체계를 직접 설계하는 실습을 진행한다. 매핑 결과를 검토하고 실제 문서에 적용하는 토론을 통해 QMS 문서 자동화의 기반을 다진다.
A38: {{topic_day_2}} | B38: 2일차 교육내용 | C38: =K92 -> ChatGPT를 활용한 프롬프트 설계의 원리와 기법을 학습하고, 기존 QMS 문서(SOP, CAPA 등)를 프롬프트 설계를 통해 생성하는 실습을 진행한다. 생성된 문서의 품질을 검토하고 프롬프트를 최적화하는 심화 실습 후, Office for Claude를 활용하여 SOP·CAPA 문서 템플릿을 직접 설계하는 실습을 수행하여 프롬프트 기반 문서 생성과 템플릿화 능력을 함양한다.
A39: {{topic_day_3}} | B39: 3일차 교육내용 | C39: =K102 -> Office for Claude를 활용하여 문서 AI 자동화 체계를 설계하고 문서 자동 생성·검증 기능을 구현하는 실습을 진행한다. 문서 작성부터 검증까지의 전체 프로세스를 통합한 자동 흐름을 설계하고, 3일간의 학습 내용을 종합하여 문서 템플릿, AI 자동화 구현물, 자동 흐름 설계서를 최종 산출물로 완성한다. 팀별 발표와 피드백을 통해 현업 적용 전략을 수립한다.
A40: {{topic_day_4}} | B40: 4일차 교육내용 | C40: =K112 -> 0
A41: {{topic_day_5}} | B41: 5일차 교육내용 | C41: =K122 -> 0
D45: 능력단위코드 | E45: 능력단위 명 | F45: 훈련시간 | G45: 능력단위요소 코드 | H45: 능력단위요소 명 | I45: 훈련시간
C46: =IFERROR(G46,"") -> 2001010211_16v3.1 | D46: =VLOOKUP(J46,통합!$A$2:$I$43,6,FALSE) -> 4 | E46: =VLOOKUP(J46,통합!$A$2:$I$43,8,FALSE) -> 01 | F46: =IF(COUNTIF($D$81:$D$130,D46)=0,"",COUNTIF($D$81:$D$130,D46)) -> 1 | G46: 2001010211_16v3.1 | H46: 하드웨어 분석하기 | I46: =IF(COUNTIF($G$81:$G$130,G46)=0,"",COUNTIF($G$81:$G$130,G46)) -> 1 | J46: 09.의료장비제조 > 01.의료기기품질관리> 의료기기 품질문서 개발
C47: =IFERROR(G47,"") -> 0 | F47: =IF(COUNTIF($D$81:$D$130,D47)=0,"",COUNTIF($D$81:$D$130,D47)) | I47: =IF(COUNTIF($G$81:$G$130,G47)=0,"",COUNTIF($G$81:$G$130,G47))
C48: =IFERROR(G48,"") -> 0 | F48: =IF(COUNTIF($D$81:$D$130,D48)=0,"",COUNTIF($D$81:$D$130,D48)) | I48: =IF(COUNTIF($G$81:$G$130,G48)=0,"",COUNTIF($G$81:$G$130,G48))
C49: =IFERROR(G49,"") -> 0 | F49: =IF(COUNTIF($D$81:$D$130,D49)=0,"",COUNTIF($D$81:$D$130,D49)) | I49: =IF(COUNTIF($G$81:$G$130,G49)=0,"",COUNTIF($G$81:$G$130,G49))
C50: =IFERROR(G50,"") -> 0 | F50: =IF(COUNTIF($D$81:$D$130,D50)=0,"",COUNTIF($D$81:$D$130,D50)) | I50: =IF(COUNTIF($G$81:$G$130,G50)=0,"",COUNTIF($G$81:$G$130,G50))
C51: =IFERROR(G51,"") -> 0 | F51: =IF(COUNTIF($D$81:$D$130,D51)=0,"",COUNTIF($D$81:$D$130,D51)) | I51: =IF(COUNTIF($G$81:$G$130,G51)=0,"",COUNTIF($G$81:$G$130,G51))
C52: =IFERROR(G52,"") -> 0 | F52: =IF(COUNTIF($D$81:$D$130,D52)=0,"",COUNTIF($D$81:$D$130,D52)) | I52: =IF(COUNTIF($G$81:$G$130,G52)=0,"",COUNTIF($G$81:$G$130,G52))
C53: =IFERROR(G53,"") -> 0 | F53: =IF(COUNTIF($D$81:$D$130,D53)=0,"",COUNTIF($D$81:$D$130,D53)) | I53: =IF(COUNTIF($G$81:$G$130,G53)=0,"",COUNTIF($G$81:$G$130,G53))
C54: =IFERROR(G54,"") -> 0 | F54: =IF(COUNTIF($D$81:$D$130,D54)=0,"",COUNTIF($D$81:$D$130,D54)) | I54: =IF(COUNTIF($G$81:$G$130,G54)=0,"",COUNTIF($G$81:$G$130,G54))
C55: =IFERROR(G55,"") -> 0 | F55: =IF(COUNTIF($D$81:$D$130,D55)=0,"",COUNTIF($D$81:$D$130,D55)) | I55: =IF(COUNTIF($G$81:$G$130,G55)=0,"",COUNTIF($G$81:$G$130,G55))
C56: =IFERROR(G56,"") -> 0 | F56: =IF(COUNTIF($D$81:$D$130,D56)=0,"",COUNTIF($D$81:$D$130,D56)) | I56: =IF(COUNTIF($G$81:$G$130,G56)=0,"",COUNTIF($G$81:$G$130,G56))
C57: =IFERROR(G57,"") -> 0 | F57: =IF(COUNTIF($D$81:$D$130,D57)=0,"",COUNTIF($D$81:$D$130,D57)) | I57: =IF(COUNTIF($G$81:$G$130,G57)=0,"",COUNTIF($G$81:$G$130,G57))
C58: =IFERROR(G58,"") -> 0 | F58: =IF(COUNTIF($D$81:$D$130,D58)=0,"",COUNTIF($D$81:$D$130,D58)) | I58: =IF(COUNTIF($G$81:$G$130,G58)=0,"",COUNTIF($G$81:$G$130,G58))
... C65: =IFERROR(G65,"") -> 0 | F65: =IF(COUNTIF($D$81:$D$130,D65)=0,"",COUNTIF($D$81:$D$130,D65)) | I65: =IF(COUNTIF($G$81:$G$130,G65)=0,"",COUNTIF($G$81:$G$130,G65))
C66: =IFERROR(G66,"") -> 0 | F66: =IF(COUNTIF($D$81:$D$130,D66)=0,"",COUNTIF($D$81:$D$130,D66)) | I66: =IF(COUNTIF($G$81:$G$130,#REF!)=0,"",COUNTIF($G$81:$G$130,#REF!))
C67: =IFERROR(G67,"") -> 0 | F67: =IF(COUNTIF($D$81:$D$130,D67)=0,"",COUNTIF($D$81:$D$130,D67)) | I67: =IF(COUNTIF($G$81:$G$130,G66)=0,"",COUNTIF($G$81:$G$130,G66))
C68: =IFERROR(G68,"") -> 0 | F68: =IF(COUNTIF($D$81:$D$130,D68)=0,"",COUNTIF($D$81:$D$130,D68)) | I68: =IF(COUNTIF($G$81:$G$130,G68)=0,"",COUNTIF($G$81:$G$130,G68))
C69: =IFERROR(G69,"") -> 0 | F69: =IF(COUNTIF($D$81:$D$130,D69)=0,"",COUNTIF($D$81:$D$130,D69)) | I69: =IF(COUNTIF($G$81:$G$130,G69)=0,"",COUNTIF($G$81:$G$130,G69))
C70: =IFERROR(G70,"") -> 0 | F70: =IF(COUNTIF($D$81:$D$130,D70)=0,"",COUNTIF($D$81:$D$130,D70)) | I70: =IF(COUNTIF($G$81:$G$130,G70)=0,"",COUNTIF($G$81:$G$130,G70))
C71: =IFERROR(G71,"") -> 0 | F71: =IF(COUNTIF($D$81:$D$130,D71)=0,"",COUNTIF($D$81:$D$130,D71)) | I71: =IF(COUNTIF($G$81:$G$130,G71)=0,"",COUNTIF($G$81:$G$130,G71))
C72: =IFERROR(G72,"") -> 0 | F72: =IF(COUNTIF($D$81:$D$130,D72)=0,"",COUNTIF($D$81:$D$130,D72)) | I72: =IF(COUNTIF($G$81:$G$130,G72)=0,"",COUNTIF($G$81:$G$130,G72))
C73: =IFERROR(G73,"") -> 0 | F73: =IF(COUNTIF($D$81:$D$130,D73)=0,"",COUNTIF($D$81:$D$130,D73)) | I73: =IF(COUNTIF($G$81:$G$130,G73)=0,"",COUNTIF($G$81:$G$130,G73))
C74: =IFERROR(G74,"") -> 0 | F74: =IF(COUNTIF($D$81:$D$130,D74)=0,"",COUNTIF($D$81:$D$130,D74)) | I74: =IF(COUNTIF($G$81:$G$130,G74)=0,"",COUNTIF($G$81:$G$130,G74))
C75: =IFERROR(G75,"") -> 0 | F75: =IF(COUNTIF($D$81:$D$130,D75)=0,"",COUNTIF($D$81:$D$130,D75)) | I75: =IF(COUNTIF($G$81:$G$130,G75)=0,"",COUNTIF($G$81:$G$130,G75))
C76: =IFERROR(G76,"") -> 0 | F76: =IF(COUNTIF($D$81:$D$130,D76)=0,"",COUNTIF($D$81:$D$130,D76)) | I76: =IF(COUNTIF($G$81:$G$130,G76)=0,"",COUNTIF($G$81:$G$130,G76))
C77: =IFERROR(G77,"") -> 0 | F77: =IF(COUNTIF($D$81:$D$130,D77)=0,"",COUNTIF($D$81:$D$130,D77)) | I77: =IF(COUNTIF($G$81:$G$130,G77)=0,"",COUNTIF($G$81:$G$130,G77))
C78: 훈련시간(총) | F78: =SUM(F46:F77) -> 1 | I78: =SUM(I46:I77) -> 1
B81: 1일차 | C81: 시간 | D81: 능력단위코드 | E81: 능력단위 명 | G81: 능력단위요소 코드 | H81: 능력단위요소 명 | J81: 교육내용 | K81: 1일차 교육 내용
C82: 09:00 - 09:50 | D82: =IF(VLOOKUP(G82,$C$46:$E$77,2,FALSE)="","",VLOOKUP(G82,$C$46:$E$77,2,FALSE)) -> 4 | E82: =IF(VLOOKUP(G82,$C$46:$E$77,3,FALSE)="","",VLOOKUP(G82,$C$46:$E$77,3,FALSE)) -> 01 | G82: 2001010211_16v3.1 | H82: =IFERROR(VLOOKUP(G82,$G$46:$H$77,2,FALSE),"") -> 하드웨어 분석하기 | J82: QMS 문서의 이해: 문서 유형(SOP, CAPA, 내부감사) 및 구조 분석 | K82: QMS 문서의 유형(SOP, CAPA, 내부감사 등)과 구조를 분석하고, 각 문서 유형별 작성 요건과 실무에서의 문서 작성 흐름을 이해한다. ISO 13485 요구사항의 핵심 조항을 분석·해설하고, ISO 요구사항과 문서 항목 간 매핑 체계를 직접 설계하는 실습을 진행한다. 매핑 결과를 검토하고 실제 문서에 적용하는 토론을 통해 QMS 문서 자동화의 기반을 다진다.
C83: 10:00 - 10:50 | D83: =IF(VLOOKUP(G83,$C$46:$E$77,2,FALSE)="","",VLOOKUP(G83,$C$46:$E$77,2,FALSE)) | E83: =IF(VLOOKUP(G83,$C$46:$E$77,3,FALSE)="","",VLOOKUP(G83,$C$46:$E$77,3,FALSE)) | H83: =IFERROR(VLOOKUP(G83,$G$46:$H$77,2,FALSE),"") | J83: QMS 문서 작성 요건과 실무에서의 문서 작성 흐름 이해
C84: 11:00 - 11:50 | D84: =IF(VLOOKUP(G84,$C$46:$E$77,2,FALSE)="","",VLOOKUP(G84,$C$46:$E$77,2,FALSE)) | E84: =IF(VLOOKUP(G84,$C$46:$E$77,3,FALSE)="","",VLOOKUP(G84,$C$46:$E$77,3,FALSE)) | H84: =IFERROR(VLOOKUP(G84,$G$46:$H$77,2,FALSE),"") | J84: ISO 13485 요구사항의 이해: 핵심 조항 분석 및 해설
C85: 12:00 - 12:50 (점심)
C86: 13:00 - 13:50 | D86: =IF(VLOOKUP(G86,$C$46:$E$77,2,FALSE)="","",VLOOKUP(G86,$C$46:$E$77,2,FALSE)) | E86: =IF(VLOOKUP(G86,$C$46:$E$77,3,FALSE)="","",VLOOKUP(G86,$C$46:$E$77,3,FALSE)) | H86: =IFERROR(VLOOKUP(G86,$G$46:$H$77,2,FALSE),"") | J86: ISO 요구사항–문서 항목 매핑 체계 설계 실습
C87: 14:00 - 14:50 | D87: =IF(VLOOKUP(G87,$C$46:$E$77,2,FALSE)="","",VLOOKUP(G87,$C$46:$E$77,2,FALSE)) | E87: =IF(VLOOKUP(G87,$C$46:$E$77,3,FALSE)="","",VLOOKUP(G87,$C$46:$E$77,3,FALSE)) | H87: =IFERROR(VLOOKUP(G87,$G$46:$H$77,2,FALSE),"") | J87: 매핑 체계 결과 검토 및 실제 문서 적용 토론
C88: 15:00 - 15:50 | D88: =IF(VLOOKUP(G88,$C$46:$E$77,2,FALSE)="","",VLOOKUP(G88,$C$46:$E$77,2,FALSE)) | E88: =IF(VLOOKUP(G88,$C$46:$E$77,3,FALSE)="","",VLOOKUP(G88,$C$46:$E$77,3,FALSE)) | H88: =IFERROR(VLOOKUP(G88,$G$46:$H$77,2,FALSE),"") | J88: 1일차 종합 정리 및 Q&A
C89: 16:00 - 16:50 | D89: =IF(VLOOKUP(G89,$C$46:$E$77,2,FALSE)="","",VLOOKUP(G89,$C$46:$E$77,2,FALSE)) | E89: =IF(VLOOKUP(G89,$C$46:$E$77,3,FALSE)="","",VLOOKUP(G89,$C$46:$E$77,3,FALSE)) | H89: =IFERROR(VLOOKUP(G89,$G$46:$H$77,2,FALSE),"")
C90: 17:00 - 17:50 | D90: =IF(VLOOKUP(G90,$C$46:$E$77,2,FALSE)="","",VLOOKUP(G90,$C$46:$E$77,2,FALSE)) | E90: =IF(VLOOKUP(G90,$C$46:$E$77,3,FALSE)="","",VLOOKUP(G90,$C$46:$E$77,3,FALSE)) | H90: =IFERROR(VLOOKUP(G90,$G$46:$H$77,2,FALSE),"")
B91: 2일차 | C91: 시간 | D91: 능력단위코드 | E91: 능력단위 명 | G91: 능력단위요소 코드 | H91: 능력단위요소 명 | J91: 교육내용 | K91: 2일차 교육 내용
C92: 09:00 - 09:50 | D92: =IF(VLOOKUP(G92,$C$46:$E$77,2,FALSE)="","",VLOOKUP(G92,$C$46:$E$77,2,FALSE)) | E92: =IF(VLOOKUP(G92,$C$46:$E$77,3,FALSE)="","",VLOOKUP(G92,$C$46:$E$77,3,FALSE)) | H92: =IFERROR(VLOOKUP(G92,$G$46:$H$77,2,FALSE),"") | J92: 프롬프트 기반 문서 생성: 프롬프트 설계 원리와 기법 (ChatGPT) | K92: ChatGPT를 활용한 프롬프트 설계의 원리와 기법을 학습하고, 기존 QMS 문서(SOP, CAPA 등)를 프롬프트 설계를 통해 생성하는 실습을 진행한다. 생성된 문서의 품질을 검토하고 프롬프트를 최적화하는 심화 실습 후, Office for Claude를 활용하여 SOP·CAPA 문서 템플릿을 직접 설계하는 실습을 수행하여 프롬프트 기반 문서 생성과 템플릿화 능력을 함양한다.
C93: 10:00 - 10:50 | D93: =IF(VLOOKUP(G93,$C$46:$E$77,2,FALSE)="","",VLOOKUP(G93,$C$46:$E$77,2,FALSE)) | E93: =IF(VLOOKUP(G93,$C$46:$E$77,3,FALSE)="","",VLOOKUP(G93,$C$46:$E$77,3,FALSE)) | H93: =IFERROR(VLOOKUP(G93,$G$46:$H$77,2,FALSE),"") | J93: 실습: 기존 QMS 문서를 프롬프트 설계로 생성하기 (ChatGPT)
C94: 11:00 - 11:50 | D94: =IF(VLOOKUP(G94,$C$46:$E$77,2,FALSE)="","",VLOOKUP(G94,$C$46:$E$77,2,FALSE)) | E94: =IF(VLOOKUP(G94,$C$46:$E$77,3,FALSE)="","",VLOOKUP(G94,$C$46:$E$77,3,FALSE)) | H94: =IFERROR(VLOOKUP(G94,$G$46:$H$77,2,FALSE),"") | J94: 프롬프트 심화: 문서 품질 검토 및 프롬프트 최적화 실습
C95: 12:00 - 12:50 (점심)
C96: 13:00 - 13:50 | D96: =IF(VLOOKUP(G96,$C$46:$E$77,2,FALSE)="","",VLOOKUP(G96,$C$46:$E$77,2,FALSE)) | E96: =IF(VLOOKUP(G96,$C$46:$E$77,3,FALSE)="","",VLOOKUP(G96,$C$46:$E$77,3,FALSE)) | H96: =IFERROR(VLOOKUP(G96,$G$46:$H$77,2,FALSE),"") | J96: 문서 템플릿 설계: Office for Claude 활용 기초 실습
C97: 14:00 - 14:50 | D97: =IF(VLOOKUP(G97,$C$46:$E$77,2,FALSE)="","",VLOOKUP(G97,$C$46:$E$77,2,FALSE)) | E97: =IF(VLOOKUP(G97,$C$46:$E$77,3,FALSE)="","",VLOOKUP(G97,$C$46:$E$77,3,FALSE)) | H97: =IFERROR(VLOOKUP(G97,$G$46:$H$77,2,FALSE),"") | J97: 템플릿 설계 실습: SOP·CAPA 템플릿 직접 설계 (Office for Claude)
C98: 15:00 - 15:50 | D98: =IF(VLOOKUP(G98,$C$46:$E$77,2,FALSE)="","",VLOOKUP(G98,$C$46:$E$77,2,FALSE)) | E98: =IF(VLOOKUP(G98,$C$46:$E$77,3,FALSE)="","",VLOOKUP(G98,$C$46:$E$77,3,FALSE)) | H98: =IFERROR(VLOOKUP(G98,$G$46:$H$77,2,FALSE),"") | J98: 템플릿 결과 검토 및 2일차 종합 정리
C99: 16:00 - 16:50 | D99: =IF(VLOOKUP(G99,$C$46:$E$77,2,FALSE)="","",VLOOKUP(G99,$C$46:$E$77,2,FALSE)) | E99: =IF(VLOOKUP(G99,$C$46:$E$77,3,FALSE)="","",VLOOKUP(G99,$C$46:$E$77,3,FALSE)) | H99: =IFERROR(VLOOKUP(G99,$G$46:$H$77,2,FALSE),"")
C100: 17:00 - 17:50 | D100: =IF(VLOOKUP(G100,$C$46:$E$77,2,FALSE)="","",VLOOKUP(G100,$C$46:$E$77,2,FALSE)) | E100: =IF(VLOOKUP(G100,$C$46:$E$77,3,FALSE)="","",VLOOKUP(G100,$C$46:$E$77,3,FALSE)) | H100: =IFERROR(VLOOKUP(G100,$G$46:$H$77,2,FALSE),"")
B101: 3일차 | C101: 시간 | D101: 능력단위코드 | E101: 능력단위 명 | G101: 능력단위요소 코드 | H101: 능력단위요소 명 | J101: 교육내용 | K101: 3일차 교육 내용
C102: 09:00 - 09:50 | D102: =IF(VLOOKUP(G102,$C$46:$E$77,2,FALSE)="","",VLOOKUP(G102,$C$46:$E$77,2,FALSE)) | E102: =IF(VLOOKUP(G102,$C$46:$E$77,3,FALSE)="","",VLOOKUP(G102,$C$46:$E$77,3,FALSE)) | H102: =IFERROR(VLOOKUP(G102,$G$46:$H$77,2,FALSE),"") | J102: 문서 AI 자동화 설계: Office for Claude 기반 자동화 구현 개념 | K102: Office for Claude를 활용하여 문서 AI 자동화 체계를 설계하고 문서 자동 생성·검증 기능을 구현하는 실습을 진행한다. 문서 작성부터 검증까지의 전체 프로세스를 통합한 자동 흐름을 설계하고, 3일간의 학습 내용을 종합하여 문서 템플릿, AI 자동화 구현물, 자동 흐름 설계서를 최종 산출물로 완성한다. 팀별 발표와 피드백을 통해 현업 적용 전략을 수립한다.
C103: 10:00 - 10:50 | D103: =IF(VLOOKUP(G103,$C$46:$E$77,2,FALSE)="","",VLOOKUP(G103,$C$46:$E$77,2,FALSE)) | E103: =IF(VLOOKUP(G103,$C$46:$E$77,3,FALSE)="","",VLOOKUP(G103,$C$46:$E$77,3,FALSE)) | H103: =IFERROR(VLOOKUP(G103,$G$46:$H$77,2,FALSE),"") | J103: 자동화 구현 실습: 문서 자동 생성·검증 체계 구축 (Office for Claude)
C104: 11:00 - 11:50 | D104: =IF(VLOOKUP(G104,$C$46:$E$77,2,FALSE)="","",VLOOKUP(G104,$C$46:$E$77,2,FALSE)) | E104: =IF(VLOOKUP(G104,$C$46:$E$77,3,FALSE)="","",VLOOKUP(G104,$C$46:$E$77,3,FALSE)) | H104: =IFERROR(VLOOKUP(G104,$G$46:$H$77,2,FALSE),"") | J104: 문서 작성–검증 자동 흐름 설계: 전체 프로세스 통합
C105: 12:00 - 12:50 (점심)
C106: 13:00 - 13:50 | D106: =IF(VLOOKUP(G106,$C$46:$E$77,2,FALSE)="","",VLOOKUP(G106,$C$46:$E$77,2,FALSE)) | E106: =IF(VLOOKUP(G106,$C$46:$E$77,3,FALSE)="","",VLOOKUP(G106,$C$46:$E$77,3,FALSE)) | H106: =IFERROR(VLOOKUP(G106,$G$46:$H$77,2,FALSE),"") | J106: 최종 산출물 완성: 문서 템플릿·자동화 구현물·흐름 설계서
C107: 14:00 - 14:50 | D107: =IF(VLOOKUP(G107,$C$46:$E$77,2,FALSE)="","",VLOOKUP(G107,$C$46:$E$77,2,FALSE)) | E107: =IF(VLOOKUP(G107,$C$46:$E$77,3,FALSE)="","",VLOOKUP(G107,$C$46:$E$77,3,FALSE)) | H107: =IFERROR(VLOOKUP(G107,$G$46:$H$77,2,FALSE),"") | J107: 최종 산출물 발표: 팀별 QMS 문서 자동화 결과 발표
C108: 15:00 - 15:50 | D108: =IF(VLOOKUP(G108,$C$46:$E$77,2,FALSE)="","",VLOOKUP(G108,$C$46:$E$77,2,FALSE)) | E108: =IF(VLOOKUP(G108,$C$46:$E$77,3,FALSE)="","",VLOOKUP(G108,$C$46:$E$77,3,FALSE)) | H108: =IFERROR(VLOOKUP(G108,$G$46:$H$77,2,FALSE),"") | J108: 종합 피드백, 현업 적용 전략 수립 및 Q&A
C109: 16:00 - 16:50 | D109: =IF(VLOOKUP(G109,$C$46:$E$77,2,FALSE)="","",VLOOKUP(G109,$C$46:$E$77,2,FALSE)) | E109: =IF(VLOOKUP(G109,$C$46:$E$77,3,FALSE)="","",VLOOKUP(G109,$C$46:$E$77,3,FALSE)) | H109: =IFERROR(VLOOKUP(G109,$G$46:$H$77,2,FALSE),"")
C110: 17:00 - 17:50 | D110: =IF(VLOOKUP(G110,$C$46:$E$77,2,FALSE)="","",VLOOKUP(G110,$C$46:$E$77,2,FALSE)) | E110: =IF(VLOOKUP(G110,$C$46:$E$77,3,FALSE)="","",VLOOKUP(G110,$C$46:$E$77,3,FALSE)) | H110: =IFERROR(VLOOKUP(G110,$G$46:$H$77,2,FALSE),"")
B111: 4일차 | C111: 시간 | D111: 능력단위코드 | E111: 능력단위 명 | G111: 능력단위요소 코드 | H111: 능력단위요소 명 | J111: 교육내용 | K111: 4일차 교육 내용
...

Sheet 5-ALX RA
A1: 커리큘럼 기초 내용
B2: 분류선택 | C2: 07.인공지능 > 07.생성형AI엔지니어링> 프롬프트 구현
A3: {{edu_title}} | B3: 훈련과정명 | C3: 규제·인허가 AI 자동화 실무 (18h) | J3: 기획자와 컨설턴트를 위한 AI개발의 이해
B4: 커리큘럼 | C4: 1. 생성형 AI로 규정 문서 핵심 빠르게 파악하기 (ChatGPT) 2. AI 기반 규제 요구사항 구조화 및 체크리스트 자동 생성 (ChatGPT, Claude Cowork, Excel for Claude) 3. 기술문서(TD) 초안 자동 작성 및 템플릿화 (ChatGPT, Claude) 4. 기존 문서–최신 규정 비교 및 Gap 자동 도출 (Excel for Claude) 5. Deficiency 대응 문장 자동 생성 (ChatGPT) 6. 규정 변경 영향 분석 자동화 (Claude Cowork, Excel for Claude, n8n) 7. RA 업무 AI 워크플로 설계 및 템플릿 구축 (ChatGPT, Claude Cowork, n8n)
A5: {{edu_cate01}} | B5: 대분류 | C5: =VLOOKUP($C$2,통합!A2:J52,2,FALSE) -> 20.정보통신
A6: {{edu_cate02}} | B6: 중분류 | C6: =VLOOKUP($C$2,통합!A2:J52,3,FALSE) -> 01.정보기술
A7: {{edu_cate03}} | B7: 소분류 | C7: =VLOOKUP($C$2,통합!A2:J52,4,FALSE) -> 07.인공지능
A8: {{edu_cate04}} | B8: 세분류 | C8: =VLOOKUP($C$2,통합!A2:J52,8,FALSE)&"."&VLOOKUP($C$2,통합!A2:J52,9,FALSE) -> 05.프롬프트 구현
A9: {{edu_cate05}} | B9: 훈련방법 | C9: =VLOOKUP($C$2,통합!A2:J52,7,FALSE) -> 2001070705_25v1
A10: {{edu_ncslevel}} | B10: 훈련수준 | C10: =VLOOKUP($C$2,통합!A2:J52,6,FALSE) -> 5
A11: {{edu_time}} | B11: 훈련시간 | C11: =F78&"시간( "&K131&"일)" -> 1시간( 3일) | J11: 000시간(00일)
A12: 교육과정 세부 정보
A13: {{edu_target}} | B13: 훈련대상자 | C13: 의료기기 개발·제조 기업의 인허가(RA) 담당자 및 규제대응 관련 임직원 | J13: 기획자, 컨설턴트, 디자이너 등 개발과 AI에 이해가 필요한 직무
A14: {{edu_job}} | B14: 대상직종 | C14: 의료기기 인허가(RA), 규제대응, 기술문서(TD) 작성, 품질관리(QA) 등 | J14: 기획자
A15: {{edu_limit}} | B15: 정원 | C15: 20명 | J15: 00명
A16: {{edu_feature}} | B16: 훈련과정 특성 | C16: 의료기기 인허가(RA) 담당자를 대상으로 생성형 AI(ChatGPT, Claude)를 활용하여 규정 문서 분석, 규제 요구사항 체크리스트 자동 생성, 기술문서(TD) 초안 자동 작성, 기존 문서와 최신 규정 간 Gap 분석, Deficiency 대응 문장 자동 생성, 규정 변경 영향 분석 자동화, RA 업무 AI 워크플로 설계까지 다루는 AI 전환(AX) 심화 과정으로, 실제 RA 업무 시나리오 기반 실습 중심의 교육을 통해 인허가 업무 혁신 역량을 강화하는 신기술·융복합 훈련과정 | J16: 4차 산업혁명 등 관련된 신기술, 융복합, 미래전략산업 직종 과정 등 훈련과정의 특성 기재
A17: {{edu_summary}} | B17: 주요훈련내용 | C17: 생성형 AI(ChatGPT)로 규정 문서의 핵심을 빠르게 파악하는 방법을 학습하고, ChatGPT·Claude Cowork·Excel for Claude를 활용하여 규제 요구사항을 구조화하고 체크리스트를 자동 생성한다. 기술문서(TD) 초안 자동 작성 및 템플릿화를 실습하고, Excel for Claude를 활용하여 기존 문서와 최신 규정 간 Gap을 자동 도출한다. ChatGPT를 활용한 Deficiency 대응 문장 자동 생성, Claude Cowork·Excel for Claude·n8n을 활용한 규정 변경 영향 분석 자동화를 실습하며, 최종적으로 RA 업무 전반의 AI 워크플로를 설계하고 템플릿을 구축한다. | J17: 주요훈련내용을 요약해서 작성
A18: {{edu_ncsreason}} | B18: NCS 미적용 사유 | C18: 본 훈련과정은 의료기기 인허가(RA) 현장의 규제 문서 자동화 AI 전환(AX) 수요에 맞춰 RA 업무 전반의 AI 활용 역량 강화를 목적으로 설계된 과정으로, 기존 NCS 분류체계에 정확히 부합하는 능력단위가 부재하여 산업 현장 맞춤형 커리큘럼으로 자체 구성함 | J18: 주요훈련내용을 요약해서 작성
A19: {{edu_goal}} | B19: 훈련목표 | C19: 의료기기 인허가(RA) 담당자가 생성형 AI(ChatGPT, Claude)와 자동화 도구(Excel for Claude, Claude Cowork, n8n)를 활용하여 규정 문서 분석, 규제 체크리스트 자동 생성, 기술문서(TD) 초안 작성, Gap 분석, Deficiency 대응, 규정 변경 영향 분석, RA 업무 워크플로 설계까지 인허가 업무 전 과정에 AI를 효과적으로 적용할 수 있는 실무 역량을 습득하는 것을 목표로 함 | J19: IT 기본 지식을 습득하고 개발자와 원활히 소통하며, 컨설팅 업무에 필요한 IT 전문 지식과 생성형 AI에 대한 이해를 높여 실무에 바로 적용할 수 있는 역량을 키우는 것을 목표로 함
A20: {{edu_guidegoal}} | B20: 지도목표 | C20: 의료기기 규제·인허가 업무의 AI 활용 자동화 방법론을 명확히 이해하고, 실습을 통해 생성형 AI 기반 규제 문서 분석·작성·검증 능력을 키워 RA 업무 현장에서 반복적인 규제 대응 업무 시간을 획기적으로 단축하고 문서 정확성을 향상시킬 수 있는 실무 문제 해결 능력을 갖추어 업무 효율성을 높입니다. | J20: IT 기본 개념을 명확히 이해하고, 실습을 통해 능력을 키워 최신 AI 기술을 활용한 실무 문제 해결 능력을 갖추어 업무의 효율성을 높입니다.
A21: {{edu_guidegoaldetail}} | B21: 세부 지도목표 | C21: * 생성형 AI(ChatGPT)를 활용한 규정 문서 핵심 파악 및 분석 능력 배양 * AI 기반 규제 요구사항 구조화 및 체크리스트 자동 생성 기법 습득 * 기술문서(TD) 초안 자동 작성 및 템플릿화 실습 * 기존 문서와 최신 규정 간 Gap 자동 도출 능력 강화 * Deficiency 대응 문장 자동 생성 및 규정 변경 영향 분석 자동화 실습 * RA 업무 AI 워크플로 설계 및 템플릿 구축 역량 함양 | J21: * 운영체제, 서버, 클라우드 인프라의 기본 개념 설명 * 데이터베이스의 기초 지식과 데이터 관리 방법 이해 * 생성형 AI와 LLM의 원리 및 적용 사례 소개 * IT 용어와 개념을 쉽게 설명하고 실제 사례를 통해 이해 증진
A22: {{edu_guidegoaldetail-1}} | B22: 지도내용 | C22: [규정 문서 AI 분석과 규제 체크리스트 자동화] - 생성형 AI(ChatGPT)를 활용한 규정 문서 핵심 파악 및 분석 - AI 기반 규제 요구사항 구조화 및 체크리스트 자동 생성 | J22: [IT 기본 개념] - 운영체제와 서버의 기본 개념 - 클라우드 인프라의 이해
A23: {{edu_guidegoaldetail-2}} | C23: [TD 자동 작성 및 Gap·Deficiency 대응] - 기술문서(TD) 초안 자동 작성 및 템플릿화 실습 - 기존 문서–최신 규정 Gap 자동 도출 및 Deficiency 대응 문장 생성 | J23: [데이터베이스와 개발 기초] - 데이터베이스 기초 개념 - 개발 관련 기초 지식 및 용어
A24: {{edu_guidegoaldetail-3}} | C24: [규정 변경 영향 분석 및 RA 워크플로 구축] - 규정 변경 영향 분석 자동화 (Claude Cowork, Excel for Claude, n8n) - RA 업무 AI 워크플로 설계 및 템플릿 구축 | J24: [생성형 AI와 LLM] - 생성형 AI의 개념과 원리 - LLM의 동작 원리 및 실제 사례
A25: {{edu_learnhow}} | B25: 교수학습방법 | C25: 강의: 슬라이드 및 의료기기 인허가 규제 사례 자료를 활용하여 RA 업무 AI 자동화 방법론을 시각적으로 설명 실습: ChatGPT·Claude·Excel for Claude·Claude Cowork를 활용한 규정 분석·TD 초안 작성·Gap 도출·Deficiency 대응·규정 변경 영향 분석 실습, n8n 기반 RA 워크플로 설계 실습, 최종 템플릿 구축 프로젝트 수행 토론: 의료기기 인허가 현장의 규제 대응 AI 활용 방안에 대한 그룹 토론을 통해 실무 적용 능력 배양 Q&A: 실시간 질문을 통해 이해도 점검 및 피드백 제공 | J25: 강의: 슬라이드 및 영상 자료를 활용하여 시각적 이해를 돕고, 사례 중심으로 설명 실습: 간단한 클라우드 설정 및 데이터베이스 생성 실습 토론: 실제 사례에 기반한 토론을 통해 실무 적용 능력 배양 Q&A: 실시간 질문을 통해 이해도 점검 및 피드백 제공
A26: {{edu_testhow}} | B26: 평가방법 | C26: 가. 평가시점 : 교과목 수업 종료시 나. 평가내용 • 생성형 AI(ChatGPT, Claude)를 활용한 규제 문서 분석 및 자동 작성 능력 • 기술문서(TD) 초안 자동 작성 및 Gap 분석 능력 • RA 업무 AI 워크플로 설계 및 템플릿 구축 능력 다. 평가방법 • 결과평가 : 최종 산출물(RA 워크플로 설계서, TD 템플릿, 규제 체크리스트) 제출 및 구두발표 | J26: 가. 평가시점 : 교과목 수업 종료시 나. 평가내용 • 호텔 운영 프로그램에 대한 지식(Fidelio, Opera 등) • 객실 업셀링 능력 • 고객정보 검색 능력 및 활용 기술 다. 평가방법 • 결과평가 : 구두발표
A27: {{edu_book}} | B27: 훈련교재 | C27: 자체교재 | J27: 자체교재
A28: {{edu_future}} | B28: 연계 훈련과정 (해당 훈련과정의 중장기 체계적 운영의 적정성을 위한 레벨업 실시 계획) | C28: [Basic] Lv.1 - 의료·바이오 AI 리터러시 입문 Lv.2 - 의료·바이오 데이터리터러시와 데이터시각화 Lv.2 - AI 워크플로우 설계 기초 [Advance] Lv.3 - ISO 13485 기반 QMS 반복문서 AI 자동화 구현 Lv.3 - 규제·인허가 AI 자동화 실무 (본 과정) Lv.4 - 의료기기 R&D를 위한 AI 활용 Lv.5 - 의료기기 데이터 파이프라인 구축 및 운영 | J28: [Basic] Lv.1 - 기획자와 컨설턴트를 위한 AI개발의 이해 Lv.2 - 바이브코딩 이론 및 실습 Lv.2 - 웹서비스 배포 전략 및 클라우드 서비스의 이해 [Advance] Lv.3 - 데이터베이스 이해 및 실습 1 (MySQL) Lv.3 - 데이터베이스 이해 및 실습 2 (Supabase) Lv.3 - 데이터베이스 이해 및 실습 3 (Firebase) Lv.4 - 웹앱서비스운영전략 Lv.5 - 개발에서 배포 운영까지의 파이프라인 구축
A29: {{edu_needreason}} | B29: 사업 필요성&목적 | J29: 기획자들의 경우 개발자와의 커뮤니케이션에서 어려움을 겪는 경우가 많음, 또한 관련 직무의 수요조사 결과 관련된 교육의 필요성이 제기됨 본 과정은 이런 소통과 기획자의 직무에 필요한 IT관련 기초지식을 배양하여 직무관련 역량을 높이며, 바이브코딩을 통해 업무의 프로세스와 효율을 높일 수 있다
A30: {{edu_curri}} | B30: 커리큘럼 요약 | J30: LLM(예: ChatGPT, Claude)의 구조와 생성형 AI 패러다임을 이해하고, 의료·바이오 산업에서의 적용 가능성과 한계를 학습하며 기초 툴을 실습한다. 업무 전환을 위해 프롬프트의 기본 구조와 컨텍스트 설계, 페르소나 설정 및 출력 제어 방법을 익히고 직무별 적용 실습을 진행한다. 의료 AI 윤리, 개인정보 비식별화, 저작권 및 사내 보안 가이드라인을 학습하여 민감정보를 안전하게 처리하는 역량을 강화한다.
A31: {{edu_edutime}} | B31: 총시간(%) | C31: =F78&"시간 (100%)" -> 1시간 (100%)
A32: {{time_day_1}} | B32: 1일차 교육시간 | C32: =COUNTA(G82:G90) -> 1
A33: {{time_day_2}} | B33: 2일차 교육시간 | C33: =COUNTA(G92:G100) -> 0
A34: {{time_day_3}} | B34: 3일차 교육시간 | C34: =COUNTA(G102:G110) -> 0
A35: {{time_day_4}} | B35: 4일차 교육시간 | C35: =COUNTA(G112:G120) -> 0
A36: {{time_day_5}} | B36: 5일차 교육시간 | C36: =COUNTA(G122:G130) -> 0
A37: {{topic_day_1}} | B37: 1일차 교육내용 | C37: =K82 -> ChatGPT를 활용하여 의료기기 규정 문서의 핵심을 빠르게 파악하는 방법을 학습하고, 주요 규제 요구사항을 추출·요약하는 실습을 진행한다. ChatGPT와 Claude Cowork를 활용하여 규제 요구사항을 구조화하고, Excel for Claude를 활용하여 체크리스트를 자동 생성하는 실습을 수행한다. 오후에는 기술문서(TD) 초안 자동 작성과 템플릿화의 기초를 실습하여 규제 문서 AI 자동화의 토대를 다진다.
A38: {{topic_day_2}} | B38: 2일차 교육내용 | C38: =K92 -> Excel for Claude를 활용하여 기존 문서와 최신 규정 간 Gap을 자동으로 도출하는 방법을 학습하고, 실제 의료기기 규정 변경 사례를 적용한 Gap 분석 실습을 진행한다. ChatGPT를 활용한 Deficiency 대응 문장 자동 생성을 기초부터 실제 심사 지적 사례까지 심화 실습하며, Claude Cowork·Excel for Claude·n8n을 활용한 규정 변경 영향 분석 자동화의 설계와 기초 연계 실습을 수행한다.
A39: {{topic_day_3}} | B39: 3일차 교육내용 | C39: =K102 -> ChatGPT·Claude Cowork·n8n을 활용하여 RA 업무 전반의 AI 워크플로를 설계하고, n8n 기반 업무 자동화 파이프라인을 구축하는 실습을 진행한다. 3일간의 학습 내용을 종합하여 TD 템플릿, 규제 체크리스트, RA 워크플로 설계서를 최종 산출물로 완성하고 팀별 발표를 통해 결과를 공유한다. 종합 피드백과 함께 현업에서의 RA AI 자동화 적용 전략을 수립한다.
A40: {{topic_day_4}} | B40: 4일차 교육내용 | C40: =K112 -> 0
A41: {{topic_day_5}} | B41: 5일차 교육내용 | C41: =K122 -> 0
D45: 능력단위코드 | E45: 능력단위 명 | F45: 훈련시간 | G45: 능력단위요소 코드 | H45: 능력단위요소 명 | I45: 훈련시간
C46: =IFERROR(G46,"") -> 2001010211_16v3.1 | D46: =VLOOKUP(J46,통합!$A$2:$I$43,6,FALSE) -> 4 | E46: =VLOOKUP(J46,통합!$A$2:$I$43,8,FALSE) -> 01 | F46: =IF(COUNTIF($D$81:$D$130,D46)=0,"",COUNTIF($D$81:$D$130,D46)) -> 1 | G46: 2001010211_16v3.1 | H46: 하드웨어 분석하기 | I46: =IF(COUNTIF($G$81:$G$130,G46)=0,"",COUNTIF($G$81:$G$130,G46)) -> 1 | J46: 09.의료장비제조 > 01.의료기기품질관리> 의료기기 품질문서 개발
C47: =IFERROR(G47,"") -> 0 | F47: =IF(COUNTIF($D$81:$D$130,D47)=0,"",COUNTIF($D$81:$D$130,D47)) | I47: =IF(COUNTIF($G$81:$G$130,G47)=0,"",COUNTIF($G$81:$G$130,G47))
C48: =IFERROR(G48,"") -> 0 | F48: =IF(COUNTIF($D$81:$D$130,D48)=0,"",COUNTIF($D$81:$D$130,D48)) | I48: =IF(COUNTIF($G$81:$G$130,G48)=0,"",COUNTIF($G$81:$G$130,G48))
C49: =IFERROR(G49,"") -> 0 | F49: =IF(COUNTIF($D$81:$D$130,D49)=0,"",COUNTIF($D$81:$D$130,D49)) | I49: =IF(COUNTIF($G$81:$G$130,G49)=0,"",COUNTIF($G$81:$G$130,G49))
C50: =IFERROR(G50,"") -> 0 | F50: =IF(COUNTIF($D$81:$D$130,D50)=0,"",COUNTIF($D$81:$D$130,D50)) | I50: =IF(COUNTIF($G$81:$G$130,G50)=0,"",COUNTIF($G$81:$G$130,G50))
C51: =IFERROR(G51,"") -> 0 | F51: =IF(COUNTIF($D$81:$D$130,D51)=0,"",COUNTIF($D$81:$D$130,D51)) | I51: =IF(COUNTIF($G$81:$G$130,G51)=0,"",COUNTIF($G$81:$G$130,G51))
C52: =IFERROR(G52,"") -> 0 | F52: =IF(COUNTIF($D$81:$D$130,D52)=0,"",COUNTIF($D$81:$D$130,D52)) | I52: =IF(COUNTIF($G$81:$G$130,G52)=0,"",COUNTIF($G$81:$G$130,G52))
C53: =IFERROR(G53,"") -> 0 | F53: =IF(COUNTIF($D$81:$D$130,D53)=0,"",COUNTIF($D$81:$D$130,D53)) | I53: =IF(COUNTIF($G$81:$G$130,G53)=0,"",COUNTIF($G$81:$G$130,G53))
C54: =IFERROR(G54,"") -> 0 | F54: =IF(COUNTIF($D$81:$D$130,D54)=0,"",COUNTIF($D$81:$D$130,D54)) | I54: =IF(COUNTIF($G$81:$G$130,G54)=0,"",COUNTIF($G$81:$G$130,G54))
C55: =IFERROR(G55,"") -> 0 | F55: =IF(COUNTIF($D$81:$D$130,D55)=0,"",COUNTIF($D$81:$D$130,D55)) | I55: =IF(COUNTIF($G$81:$G$130,G55)=0,"",COUNTIF($G$81:$G$130,G55))
C56: =IFERROR(G56,"") -> 0 | F56: =IF(COUNTIF($D$81:$D$130,D56)=0,"",COUNTIF($D$81:$D$130,D56)) | I56: =IF(COUNTIF($G$81:$G$130,G56)=0,"",COUNTIF($G$81:$G$130,G56))
C57: =IFERROR(G57,"") -> 0 | F57: =IF(COUNTIF($D$81:$D$130,D57)=0,"",COUNTIF($D$81:$D$130,D57)) | I57: =IF(COUNTIF($G$81:$G$130,G57)=0,"",COUNTIF($G$81:$G$130,G57))
C58: =IFERROR(G58,"") -> 0 | F58: =IF(COUNTIF($D$81:$D$130,D58)=0,"",COUNTIF($D$81:$D$130,D58)) | I58: =IF(COUNTIF($G$81:$G$130,G58)=0,"",COUNTIF($G$81:$G$130,G58))
... C65: =IFERROR(G65,"") -> 0 | F65: =IF(COUNTIF($D$81:$D$130,D65)=0,"",COUNTIF($D$81:$D$130,D65)) | I65: =IF(COUNTIF($G$81:$G$130,G65)=0,"",COUNTIF($G$81:$G$130,G65))
C66: =IFERROR(G66,"") -> 0 | F66: =IF(COUNTIF($D$81:$D$130,D66)=0,"",COUNTIF($D$81:$D$130,D66)) | I66: =IF(COUNTIF($G$81:$G$130,#REF!)=0,"",COUNTIF($G$81:$G$130,#REF!))
C67: =IFERROR(G67,"") -> 0 | F67: =IF(COUNTIF($D$81:$D$130,D67)=0,"",COUNTIF($D$81:$D$130,D67)) | I67: =IF(COUNTIF($G$81:$G$130,G66)=0,"",COUNTIF($G$81:$G$130,G66))
C68: =IFERROR(G68,"") -> 0 | F68: =IF(COUNTIF($D$81:$D$130,D68)=0,"",COUNTIF($D$81:$D$130,D68)) | I68: =IF(COUNTIF($G$81:$G$130,G68)=0,"",COUNTIF($G$81:$G$130,G68))
C69: =IFERROR(G69,"") -> 0 | F69: =IF(COUNTIF($D$81:$D$130,D69)=0,"",COUNTIF($D$81:$D$130,D69)) | I69: =IF(COUNTIF($G$81:$G$130,G69)=0,"",COUNTIF($G$81:$G$130,G69))
C70: =IFERROR(G70,"") -> 0 | F70: =IF(COUNTIF($D$81:$D$130,D70)=0,"",COUNTIF($D$81:$D$130,D70)) | I70: =IF(COUNTIF($G$81:$G$130,G70)=0,"",COUNTIF($G$81:$G$130,G70))
C71: =IFERROR(G71,"") -> 0 | F71: =IF(COUNTIF($D$81:$D$130,D71)=0,"",COUNTIF($D$81:$D$130,D71)) | I71: =IF(COUNTIF($G$81:$G$130,G71)=0,"",COUNTIF($G$81:$G$130,G71))
C72: =IFERROR(G72,"") -> 0 | F72: =IF(COUNTIF($D$81:$D$130,D72)=0,"",COUNTIF($D$81:$D$130,D72)) | I72: =IF(COUNTIF($G$81:$G$130,G72)=0,"",COUNTIF($G$81:$G$130,G72))
C73: =IFERROR(G73,"") -> 0 | F73: =IF(COUNTIF($D$81:$D$130,D73)=0,"",COUNTIF($D$81:$D$130,D73)) | I73: =IF(COUNTIF($G$81:$G$130,G73)=0,"",COUNTIF($G$81:$G$130,G73))
C74: =IFERROR(G74,"") -> 0 | F74: =IF(COUNTIF($D$81:$D$130,D74)=0,"",COUNTIF($D$81:$D$130,D74)) | I74: =IF(COUNTIF($G$81:$G$130,G74)=0,"",COUNTIF($G$81:$G$130,G74))
C75: =IFERROR(G75,"") -> 0 | F75: =IF(COUNTIF($D$81:$D$130,D75)=0,"",COUNTIF($D$81:$D$130,D75)) | I75: =IF(COUNTIF($G$81:$G$130,G75)=0,"",COUNTIF($G$81:$G$130,G75))
C76: =IFERROR(G76,"") -> 0 | F76: =IF(COUNTIF($D$81:$D$130,D76)=0,"",COUNTIF($D$81:$D$130,D76)) | I76: =IF(COUNTIF($G$81:$G$130,G76)=0,"",COUNTIF($G$81:$G$130,G76))
C77: =IFERROR(G77,"") -> 0 | F77: =IF(COUNTIF($D$81:$D$130,D77)=0,"",COUNTIF($D$81:$D$130,D77)) | I77: =IF(COUNTIF($G$81:$G$130,G77)=0,"",COUNTIF($G$81:$G$130,G77))
C78: 훈련시간(총) | F78: =SUM(F46:F77) -> 1 | I78: =SUM(I46:I77) -> 1
B81: 1일차 | C81: 시간 | D81: 능력단위코드 | E81: 능력단위 명 | G81: 능력단위요소 코드 | H81: 능력단위요소 명 | J81: 교육내용 | K81: 1일차 교육 내용
C82: 09:00 - 09:50 | D82: =IF(VLOOKUP(G82,$C$46:$E$77,2,FALSE)="","",VLOOKUP(G82,$C$46:$E$77,2,FALSE)) -> 4 | E82: =IF(VLOOKUP(G82,$C$46:$E$77,3,FALSE)="","",VLOOKUP(G82,$C$46:$E$77,3,FALSE)) -> 01 | G82: 2001010211_16v3.1 | H82: =IFERROR(VLOOKUP(G82,$G$46:$H$77,2,FALSE),"") -> 하드웨어 분석하기 | J82: 생성형 AI로 규정 문서 핵심 빠르게 파악하기 (ChatGPT 활용) | K82: ChatGPT를 활용하여 의료기기 규정 문서의 핵심을 빠르게 파악하는 방법을 학습하고, 주요 규제 요구사항을 추출·요약하는 실습을 진행한다. ChatGPT와 Claude Cowork를 활용하여 규제 요구사항을 구조화하고, Excel for Claude를 활용하여 체크리스트를 자동 생성하는 실습을 수행한다. 오후에는 기술문서(TD) 초안 자동 작성과 템플릿화의 기초를 실습하여 규제 문서 AI 자동화의 토대를 다진다.
C83: 10:00 - 10:50 | D83: =IF(VLOOKUP(G83,$C$46:$E$77,2,FALSE)="","",VLOOKUP(G83,$C$46:$E$77,2,FALSE)) | E83: =IF(VLOOKUP(G83,$C$46:$E$77,3,FALSE)="","",VLOOKUP(G83,$C$46:$E$77,3,FALSE)) | H83: =IFERROR(VLOOKUP(G83,$G$46:$H$77,2,FALSE),"") | J83: 규정 문서 분석 실습: 주요 규제 요구사항 추출 및 요약
C84: 11:00 - 11:50 | D84: =IF(VLOOKUP(G84,$C$46:$E$77,2,FALSE)="","",VLOOKUP(G84,$C$46:$E$77,2,FALSE)) | E84: =IF(VLOOKUP(G84,$C$46:$E$77,3,FALSE)="","",VLOOKUP(G84,$C$46:$E$77,3,FALSE)) | H84: =IFERROR(VLOOKUP(G84,$G$46:$H$77,2,FALSE),"") | J84: AI 기반 규제 요구사항 구조화 설계 (ChatGPT, Claude Cowork)
C85: 12:00 - 12:50 (점심)
C86: 13:00 - 13:50 | D86: =IF(VLOOKUP(G86,$C$46:$E$77,2,FALSE)="","",VLOOKUP(G86,$C$46:$E$77,2,FALSE)) | E86: =IF(VLOOKUP(G86,$C$46:$E$77,3,FALSE)="","",VLOOKUP(G86,$C$46:$E$77,3,FALSE)) | H86: =IFERROR(VLOOKUP(G86,$G$46:$H$77,2,FALSE),"") | J86: 규제 체크리스트 자동 생성 실습 (Excel for Claude 활용)
C87: 14:00 - 14:50 | D87: =IF(VLOOKUP(G87,$C$46:$E$77,2,FALSE)="","",VLOOKUP(G87,$C$46:$E$77,2,FALSE)) | E87: =IF(VLOOKUP(G87,$C$46:$E$77,3,FALSE)="","",VLOOKUP(G87,$C$46:$E$77,3,FALSE)) | H87: =IFERROR(VLOOKUP(G87,$G$46:$H$77,2,FALSE),"") | J87: 기술문서(TD) 초안 자동 작성 기초 (ChatGPT, Claude 활용)
C88: 15:00 - 15:50 | D88: =IF(VLOOKUP(G88,$C$46:$E$77,2,FALSE)="","",VLOOKUP(G88,$C$46:$E$77,2,FALSE)) | E88: =IF(VLOOKUP(G88,$C$46:$E$77,3,FALSE)="","",VLOOKUP(G88,$C$46:$E$77,3,FALSE)) | H88: =IFERROR(VLOOKUP(G88,$G$46:$H$77,2,FALSE),"") | J88: TD 자동 작성 템플릿 설계 실습 및 1일차 정리
C89: 16:00 - 16:50 | D89: =IF(VLOOKUP(G89,$C$46:$E$77,2,FALSE)="","",VLOOKUP(G89,$C$46:$E$77,2,FALSE)) | E89: =IF(VLOOKUP(G89,$C$46:$E$77,3,FALSE)="","",VLOOKUP(G89,$C$46:$E$77,3,FALSE)) | H89: =IFERROR(VLOOKUP(G89,$G$46:$H$77,2,FALSE),"")
C90: 17:00 - 17:50 | D90: =IF(VLOOKUP(G90,$C$46:$E$77,2,FALSE)="","",VLOOKUP(G90,$C$46:$E$77,2,FALSE)) | E90: =IF(VLOOKUP(G90,$C$46:$E$77,3,FALSE)="","",VLOOKUP(G90,$C$46:$E$77,3,FALSE)) | H90: =IFERROR(VLOOKUP(G90,$G$46:$H$77,2,FALSE),"")
B91: 2일차 | C91: 시간 | D91: 능력단위코드 | E91: 능력단위 명 | G91: 능력단위요소 코드 | H91: 능력단위요소 명 | J91: 교육내용 | K91: 2일차 교육 내용
C92: 09:00 - 09:50 | D92: =IF(VLOOKUP(G92,$C$46:$E$77,2,FALSE)="","",VLOOKUP(G92,$C$46:$E$77,2,FALSE)) | E92: =IF(VLOOKUP(G92,$C$46:$E$77,3,FALSE)="","",VLOOKUP(G92,$C$46:$E$77,3,FALSE)) | H92: =IFERROR(VLOOKUP(G92,$G$46:$H$77,2,FALSE),"") | J92: 기존 문서–최신 규정 비교 및 Gap 자동 도출 개념 (Excel for Claude) | K92: Excel for Claude를 활용하여 기존 문서와 최신 규정 간 Gap을 자동으로 도출하는 방법을 학습하고, 실제 의료기기 규정 변경 사례를 적용한 Gap 분석 실습을 진행한다. ChatGPT를 활용한 Deficiency 대응 문장 자동 생성을 기초부터 실제 심사 지적 사례까지 심화 실습하며, Claude Cowork·Excel for Claude·n8n을 활용한 규정 변경 영향 분석 자동화의 설계와 기초 연계 실습을 수행한다.
C93: 10:00 - 10:50 | D93: =IF(VLOOKUP(G93,$C$46:$E$77,2,FALSE)="","",VLOOKUP(G93,$C$46:$E$77,2,FALSE)) | E93: =IF(VLOOKUP(G93,$C$46:$E$77,3,FALSE)="","",VLOOKUP(G93,$C$46:$E$77,3,FALSE)) | H93: =IFERROR(VLOOKUP(G93,$G$46:$H$77,2,FALSE),"") | J93: Gap 분석 실습: 실제 의료기기 규정 변경 사례 적용
C94: 11:00 - 11:50 | D94: =IF(VLOOKUP(G94,$C$46:$E$77,2,FALSE)="","",VLOOKUP(G94,$C$46:$E$77,2,FALSE)) | E94: =IF(VLOOKUP(G94,$C$46:$E$77,3,FALSE)="","",VLOOKUP(G94,$C$46:$E$77,3,FALSE)) | H94: =IFERROR(VLOOKUP(G94,$G$46:$H$77,2,FALSE),"") | J94: Deficiency 대응 문장 자동 생성 실습 (ChatGPT 활용)
C95: 12:00 - 12:50 (점심)
C96: 13:00 - 13:50 | D96: =IF(VLOOKUP(G96,$C$46:$E$77,2,FALSE)="","",VLOOKUP(G96,$C$46:$E$77,2,FALSE)) | E96: =IF(VLOOKUP(G96,$C$46:$E$77,3,FALSE)="","",VLOOKUP(G96,$C$46:$E$77,3,FALSE)) | H96: =IFERROR(VLOOKUP(G96,$G$46:$H$77,2,FALSE),"") | J96: Deficiency 대응 심화: 실제 심사 지적 사례 기반 대응문 생성
C97: 14:00 - 14:50 | D97: =IF(VLOOKUP(G97,$C$46:$E$77,2,FALSE)="","",VLOOKUP(G97,$C$46:$E$77,2,FALSE)) | E97: =IF(VLOOKUP(G97,$C$46:$E$77,3,FALSE)="","",VLOOKUP(G97,$C$46:$E$77,3,FALSE)) | H97: =IFERROR(VLOOKUP(G97,$G$46:$H$77,2,FALSE),"") | J97: 규정 변경 영향 분석 자동화 설계 (Claude Cowork, Excel for Claude)
C98: 15:00 - 15:50 | D98: =IF(VLOOKUP(G98,$C$46:$E$77,2,FALSE)="","",VLOOKUP(G98,$C$46:$E$77,2,FALSE)) | E98: =IF(VLOOKUP(G98,$C$46:$E$77,3,FALSE)="","",VLOOKUP(G98,$C$46:$E$77,3,FALSE)) | H98: =IFERROR(VLOOKUP(G98,$G$46:$H$77,2,FALSE),"") | J98: 규정 변경 영향 분석 실습: n8n 연계 자동화 기초
C99: 16:00 - 16:50 | D99: =IF(VLOOKUP(G99,$C$46:$E$77,2,FALSE)="","",VLOOKUP(G99,$C$46:$E$77,2,FALSE)) | E99: =IF(VLOOKUP(G99,$C$46:$E$77,3,FALSE)="","",VLOOKUP(G99,$C$46:$E$77,3,FALSE)) | H99: =IFERROR(VLOOKUP(G99,$G$46:$H$77,2,FALSE),"")
C100: 17:00 - 17:50 | D100: =IF(VLOOKUP(G100,$C$46:$E$77,2,FALSE)="","",VLOOKUP(G100,$C$46:$E$77,2,FALSE)) | E100: =IF(VLOOKUP(G100,$C$46:$E$77,3,FALSE)="","",VLOOKUP(G100,$C$46:$E$77,3,FALSE)) | H100: =IFERROR(VLOOKUP(G100,$G$46:$H$77,2,FALSE),"")
B101: 3일차 | C101: 시간 | D101: 능력단위코드 | E101: 능력단위 명 | G101: 능력단위요소 코드 | H101: 능력단위요소 명 | J101: 교육내용 | K101: 3일차 교육 내용
C102: 09:00 - 09:50 | D102: =IF(VLOOKUP(G102,$C$46:$E$77,2,FALSE)="","",VLOOKUP(G102,$C$46:$E$77,2,FALSE)) | E102: =IF(VLOOKUP(G102,$C$46:$E$77,3,FALSE)="","",VLOOKUP(G102,$C$46:$E$77,3,FALSE)) | H102: =IFERROR(VLOOKUP(G102,$G$46:$H$77,2,FALSE),"") | J102: RA 업무 AI 워크플로 설계 개념 (ChatGPT, Claude Cowork, n8n) | K102: ChatGPT·Claude Cowork·n8n을 활용하여 RA 업무 전반의 AI 워크플로를 설계하고, n8n 기반 업무 자동화 파이프라인을 구축하는 실습을 진행한다. 3일간의 학습 내용을 종합하여 TD 템플릿, 규제 체크리스트, RA 워크플로 설계서를 최종 산출물로 완성하고 팀별 발표를 통해 결과를 공유한다. 종합 피드백과 함께 현업에서의 RA AI 자동화 적용 전략을 수립한다.
C103: 10:00 - 10:50 | D103: =IF(VLOOKUP(G103,$C$46:$E$77,2,FALSE)="","",VLOOKUP(G103,$C$46:$E$77,2,FALSE)) | E103: =IF(VLOOKUP(G103,$C$46:$E$77,3,FALSE)="","",VLOOKUP(G103,$C$46:$E$77,3,FALSE)) | H103: =IFERROR(VLOOKUP(G103,$G$46:$H$77,2,FALSE),"") | J103: RA 워크플로 설계 실습: n8n 기반 업무 자동화 파이프라인
C104: 11:00 - 11:50 | D104: =IF(VLOOKUP(G104,$C$46:$E$77,2,FALSE)="","",VLOOKUP(G104,$C$46:$E$77,2,FALSE)) | E104: =IF(VLOOKUP(G104,$C$46:$E$77,3,FALSE)="","",VLOOKUP(G104,$C$46:$E$77,3,FALSE)) | H104: =IFERROR(VLOOKUP(G104,$G$46:$H$77,2,FALSE),"") | J104: RA 워크플로 템플릿 구축 실습: 전체 흐름 통합 설계
C105: 12:00 - 12:50 (점심)
C106: 13:00 - 13:50 | D106: =IF(VLOOKUP(G106,$C$46:$E$77,2,FALSE)="","",VLOOKUP(G106,$C$46:$E$77,2,FALSE)) | E106: =IF(VLOOKUP(G106,$C$46:$E$77,3,FALSE)="","",VLOOKUP(G106,$C$46:$E$77,3,FALSE)) | H106: =IFERROR(VLOOKUP(G106,$G$46:$H$77,2,FALSE),"") | J106: 최종 산출물 완성: TD 템플릿·규제 체크리스트·워크플로
C107: 14:00 - 14:50 | D107: =IF(VLOOKUP(G107,$C$46:$E$77,2,FALSE)="","",VLOOKUP(G107,$C$46:$E$77,2,FALSE)) | E107: =IF(VLOOKUP(G107,$C$46:$E$77,3,FALSE)="","",VLOOKUP(G107,$C$46:$E$77,3,FALSE)) | H107: =IFERROR(VLOOKUP(G107,$G$46:$H$77,2,FALSE),"") | J107: 최종 산출물 발표: 팀별 RA AI 자동화 결과 발표
C108: 15:00 - 15:50 | D108: =IF(VLOOKUP(G108,$C$46:$E$77,2,FALSE)="","",VLOOKUP(G108,$C$46:$E$77,2,FALSE)) | E108: =IF(VLOOKUP(G108,$C$46:$E$77,3,FALSE)="","",VLOOKUP(G108,$C$46:$E$77,3,FALSE)) | H108: =IFERROR(VLOOKUP(G108,$G$46:$H$77,2,FALSE),"") | J108: 종합 피드백, 현업 적용 전략 수립 및 Q&A
C109: 16:00 - 16:50 | D109: =IF(VLOOKUP(G109,$C$46:$E$77,2,FALSE)="","",VLOOKUP(G109,$C$46:$E$77,2,FALSE)) | E109: =IF(VLOOKUP(G109,$C$46:$E$77,3,FALSE)="","",VLOOKUP(G109,$C$46:$E$77,3,FALSE)) | H109: =IFERROR(VLOOKUP(G109,$G$46:$H$77,2,FALSE),"")
C110: 17:00 - 17:50 | D110: =IF(VLOOKUP(G110,$C$46:$E$77,2,FALSE)="","",VLOOKUP(G110,$C$46:$E$77,2,FALSE)) | E110: =IF(VLOOKUP(G110,$C$46:$E$77,3,FALSE)="","",VLOOKUP(G110,$C$46:$E$77,3,FALSE)) | H110: =IFERROR(VLOOKUP(G110,$G$46:$H$77,2,FALSE),"")
B111: 4일차 | C111: 시간 | D111: 능력단위코드 | E111: 능력단위 명 | G111: 능력단위요소 코드 | H111: 능력단위요소 명 | J111: 교육내용 | K111: 4일차 교육 내용
...

Sheet 6-ALX R&D
A1: 커리큘럼 기초 내용
B2: 분류선택 | C2: 07.인공지능 > 07.생성형AI엔지니어링> 프롬프트 구현
A3: {{edu_title}} | B3: 훈련과정명 | C3: 의료기기 연구개발 설계 관리 AX 실습 과정 (18h) | J3: 기획자와 컨설턴트를 위한 AI개발의 이해
B4: 커리큘럼 | C4: 1. 생성형 AI 협업 환경을 위한 설계관리 전주기 이해 ( IEC 62304·ISO 14971 등 ) 2. AI로 요구사항(URS) 구조화 및 자동 도출 (Claude, ChatGPT, Claude Cowork) 3. 요구사항 기반 SRS 초안 자동 생성 및 문서 일관성·논리 검증 (ChatGPT, Claude) 4. 요구사항을 검증 가능한 테스트 케이스로 자동 변환 및 표준 문서 출력 (ChatGPT, Excel, Google AI Studio) 5. 설계 변경 시 영향 받는 요구·테스트·위험 항목 자동 식별 및 알림 설계 (Claude Code, ChatGPT, Claude Cowork, n8n ) 6. 요구–설계–검증–위험 간 Traceability 매트릭스 자동 생성 및 누락 탐지 (Claude Code, ChatGPT, Excel, Google AI Studio) 7. 설계 입력부터 변경관리까지 연결된 AI 기반 설계관리 워크플로 통합 설계 (ChatGPT, Claude Code, Claude Cowork, n8n)
A5: {{edu_cate01}} | B5: 대분류 | C5: =VLOOKUP($C$2,통합!A2:J52,2,FALSE) -> 20.정보통신
A6: {{edu_cate02}} | B6: 중분류 | C6: =VLOOKUP($C$2,통합!A2:J52,3,FALSE) -> 01.정보기술
A7: {{edu_cate03}} | B7: 소분류 | C7: =VLOOKUP($C$2,통합!A2:J52,4,FALSE) -> 07.인공지능
A8: {{edu_cate04}} | B8: 세분류 | C8: =VLOOKUP($C$2,통합!A2:J52,8,FALSE)&"."&VLOOKUP($C$2,통합!A2:J52,9,FALSE) -> 05.프롬프트 구현
A9: {{edu_cate05}} | B9: 훈련방법 | C9: =VLOOKUP($C$2,통합!A2:J52,7,FALSE) -> 2001070705_25v1
A10: {{edu_ncslevel}} | B10: 훈련수준 | C10: =VLOOKUP($C$2,통합!A2:J52,6,FALSE) -> 5
A11: {{edu_time}} | B11: 훈련시간 | C11: =F78&"시간( "&K131&"일)" -> 1시간( 3일) | J11: 000시간(00일)
A12: 교육과정 세부 정보
A13: {{edu_target}} | B13: 훈련대상자 | C13: 의료기기 개발·제조 기업의 연구개발(R&D) 담당자 및 설계관리(Design Controls) 관련 임직원 | J13: 기획자, 컨설턴트, 디자이너 등 개발과 AI에 이해가 필요한 직무
A14: {{edu_job}} | B14: 대상직종 | C14: 의료기기 연구개발(R&D), 설계관리, 소프트웨어 개발, 위험관리, V&V 등 | J14: 기획자
A15: {{edu_limit}} | B15: 정원 | C15: 20명 | J15: 00명
A16: {{edu_feature}} | B16: 훈련과정 특성 | C16: 의료기기 R&D 담당자를 대상으로 IEC 62304·ISO 14971 기반 설계관리 전주기를 이해하고, 생성형 AI(ChatGPT, Claude, Claude Cowork, Claude Code)와 자동화 도구(Excel, n8n, Google AI Studio)를 활용하여 URS 구조화·SRS 자동 생성·TC 자동 변환·ECO 변경 영향 자동 식별·Traceability 자동 생성까지 설계관리 전 과정의 AI 자동화를 실습하고, 설계 입력부터 변경관리까지 연결된 AI 워크플로를 통합 설계하는 AI 전환(AX) 심화 과정으로, 실제 R&D 업무 시나리오 기반 실습 중심의 신기술·융복합 훈련과정 | J16: 4차 산업혁명 등 관련된 신기술, 융복합, 미래전략산업 직종 과정 등 훈련과정의 특성 기재
A17: {{edu_summary}} | B17: 주요훈련내용 | C17: 생성형 AI 협업 환경에서의 설계관리 전주기(IEC 62304·ISO 14971)를 이해한 후, Claude·ChatGPT·Claude Cowork를 활용하여 자연어 요구사항을 구조화된 URS로 자동 변환하고 SRS 초안을 자동 생성하며 문서 일관성·논리를 검증한다. ChatGPT·Excel·Google AI Studio를 활용하여 요구사항을 테스트 케이스로 자동 변환하고 표준 문서로 출력하며, Claude Code·n8n을 활용하여 설계 변경 시 영향 항목을 자동 식별하고 알림 체계를 설계한다. Traceability 매트릭스를 AI로 자동 생성하여 누락을 탐지하고, 최종적으로 설계 입력부터 변경관리까지 연결된 AI 기반 설계관리 워크플로를 통합 설계한다. | J17: 주요훈련내용을 요약해서 작성
A18: {{edu_ncsreason}} | B18: NCS 미적용 사유 | C18: 본 훈련과정은 의료기기 R&D 현장의 설계관리(Design Controls) AI 전환(AX) 수요에 맞춰 설계관리 프로세스 전반의 AI 자동화 역량 강화를 목적으로 설계된 과정으로, 기존 NCS 분류체계에 정확히 부합하는 능력단위가 부재하여 산업 현장 맞춤형 커리큘럼으로 자체 구성함 | J18: 주요훈련내용을 요약해서 작성
A19: {{edu_goal}} | B19: 훈련목표 | C19: 의료기기 R&D 담당자가 생성형 AI 협업 환경(ChatGPT, Claude, Claude Cowork, Claude Code)을 활용하여 설계관리 전주기(URS 구조화→SRS 자동 생성→TC 자동 변환→ECO 변경 영향 자동 식별→Traceability 자동 생성)를 AI로 수행하고, n8n·Google AI Studio 기반으로 설계 입력부터 변경관리까지 연결된 통합 워크플로를 직접 설계·구축할 수 있는 설계관리 AX 실무 역량을 습득하는 것을 목표로 함 | J19: IT 기본 지식을 습득하고 개발자와 원활히 소통하며, 컨설팅 업무에 필요한 IT 전문 지식과 생성형 AI에 대한 이해를 높여 실무에 바로 적용할 수 있는 역량을 키우는 것을 목표로 함
A20: {{edu_guidegoal}} | B20: 지도목표 | C20: 의료기기 설계관리 전주기의 구조를 이해하고, ChatGPT·Claude·Claude Cowork·Claude Code를 활용한 실습을 통해 URS 구조화·SRS 생성·TC 변환·ECO 영향 식별·Traceability 구축 능력을 키워, R&D 업무 현장에서 설계관리 문서화와 검증 시간을 획기적으로 단축하고 AI 기반 통합 워크플로 설계 능력을 갖추어 업무 효율성을 높입니다. | J20: IT 기본 개념을 명확히 이해하고, 실습을 통해 능력을 키워 최신 AI 기술을 활용한 실무 문제 해결 능력을 갖추어 업무의 효율성을 높입니다.
A21: {{edu_guidegoaldetail}} | B21: 세부 지도목표 | C21: * 생성형 AI 협업 환경에서의 설계관리 전주기(IEC 62304·ISO 14971) 구조 이해 * Claude·ChatGPT·Claude Cowork를 활용한 URS 구조화 및 자동 도출 실습 * ChatGPT·Claude를 활용한 SRS 초안 자동 생성 및 문서 일관성·논리 검증 실습 * ChatGPT·Excel·Google AI Studio를 활용한 TC 자동 변환 및 표준 문서 출력 실습 * Claude Code·ChatGPT·n8n을 활용한 ECO 변경 영향 자동 식별 및 알림 설계 실습 * Traceability 매트릭스 AI 자동 생성·누락 탐지 및 AI 기반 설계관리 워크플로 통합 설계 역량 함양 | J21: * 운영체제, 서버, 클라우드 인프라의 기본 개념 설명 * 데이터베이스의 기초 지식과 데이터 관리 방법 이해 * 생성형 AI와 LLM의 원리 및 적용 사례 소개 * IT 용어와 개념을 쉽게 설명하고 실제 사례를 통해 이해 증진
A22: {{edu_guidegoaldetail-1}} | B22: 지도내용 | C22: [설계관리 전주기 이해 및 AI 기반 URS 구조화·SRS 자동 생성] - 생성형 AI 협업 환경에서의 설계관리 전주기(IEC 62304·ISO 14971) 구조 이해 - Claude·ChatGPT·Claude Cowork로 URS 자동 구조화 및 SRS 초안 자동 생성·검증 실습 | J22: [IT 기본 개념] - 운영체제와 서버의 기본 개념 - 클라우드 인프라의 이해
A23: {{edu_guidegoaldetail-2}} | C23: [TC 자동 변환·ECO 변경 영향 자동 식별 실습] - ChatGPT·Excel·Google AI Studio를 활용한 TC 자동 변환 및 표준 문서 출력 실습 - Claude Code·ChatGPT·Claude Cowork·n8n을 활용한 ECO 변경 영향 자동 식별 및 알림 설계 | J23: [데이터베이스와 개발 기초] - 데이터베이스 기초 개념 - 개발 관련 기초 지식 및 용어
A24: {{edu_guidegoaldetail-3}} | C24: [Traceability 자동 생성 및 AI 워크플로 통합 설계] - Claude Code·ChatGPT·Excel·Google AI Studio로 Traceability 매트릭스 자동 생성 및 누락 탐지 - 설계 입력~변경관리 연결 AI 기반 설계관리 워크플로 통합 설계 (ChatGPT, Claude Code, Claude Cowork, n8n) | J24: [생성형 AI와 LLM] - 생성형 AI의 개념과 원리 - LLM의 동작 원리 및 실제 사례
A25: {{edu_learnhow}} | B25: 교수학습방법 | C25: 강의: 슬라이드 및 의료기기 설계관리 사례 자료를 활용하여 IEC 62304·ISO 14971 기반 설계관리 전주기와 AI 협업 환경을 시각적으로 설명 실습: Claude·ChatGPT·Claude Cowork로 URS 구조화 및 SRS 자동 생성, ChatGPT·Excel·Google AI Studio로 TC 자동 변환, Claude Code·n8n으로 ECO 변경 영향 자동 식별 및 알림 설계, Traceability 매트릭스 AI 자동 생성, 설계관리 AI 워크플로 통합 설계 실습, 최종 산출물 완성 프로젝트 수행 토론: 의료기기 R&D 현장의 설계관리 AI 전환 적용 방안에 대한 그룹 토론을 통해 실무 적용 능력 배양 Q&A: 실시간 질문을 통해 이해도 점검 및 피드백 제공 | J25: 강의: 슬라이드 및 영상 자료를 활용하여 시각적 이해를 돕고, 사례 중심으로 설명 실습: 간단한 클라우드 설정 및 데이터베이스 생성 실습 토론: 실제 사례에 기반한 토론을 통해 실무 적용 능력 배양 Q&A: 실시간 질문을 통해 이해도 점검 및 피드백 제공
A26: {{edu_testhow}} | B26: 평가방법 | C26: 가. 평가시점 : 교과목 수업 종료시 나. 평가내용 • Claude·ChatGPT·Claude Cowork를 활용한 URS 구조화 및 SRS 자동 생성 능력 • ChatGPT·Excel·Google AI Studio를 활용한 TC 자동 변환 및 ECO 변경 영향 자동 식별 능력 • Traceability 매트릭스 AI 자동 생성 및 AI 기반 설계관리 워크플로 통합 설계 능력 다. 평가방법 • 결과평가 : 최종 산출물(설계관리 전주기 AI 자동화 결과물 및 통합 워크플로 설계서) 제출 및 구두발표 | J26: 가. 평가시점 : 교과목 수업 종료시 나. 평가내용 • 호텔 운영 프로그램에 대한 지식(Fidelio, Opera 등) • 객실 업셀링 능력 • 고객정보 검색 능력 및 활용 기술 다. 평가방법 • 결과평가 : 구두발표
A27: {{edu_book}} | B27: 훈련교재 | C27: 자체교재 | J27: 자체교재
A28: {{edu_future}} | B28: 연계 훈련과정 (해당 훈련과정의 중장기 체계적 운영의 적정성을 위한 레벨업 실시 계획) | C28: [Basic] Lv.1 - 의료·바이오 AI 리터러시 입문 Lv.2 - 의료·바이오 데이터리터러시와 데이터시각화 Lv.2 - AI 워크플로우 설계 기초 [Advance] Lv.3 - ISO 13485 기반 QMS 반복문서 AI 자동화 구현 Lv.3 - 규제·인허가 AI 자동화 실무 Lv.4 - 의료기기 설계관리(Design Controls) AI 자동화 실습 (본 과정) Lv.5 - 의료기기 데이터 파이프라인 구축 및 운영 | J28: [Basic] Lv.1 - 기획자와 컨설턴트를 위한 AI개발의 이해 Lv.2 - 바이브코딩 이론 및 실습 Lv.2 - 웹서비스 배포 전략 및 클라우드 서비스의 이해 [Advance] Lv.3 - 데이터베이스 이해 및 실습 1 (MySQL) Lv.3 - 데이터베이스 이해 및 실습 2 (Supabase) Lv.3 - 데이터베이스 이해 및 실습 3 (Firebase) Lv.4 - 웹앱서비스운영전략 Lv.5 - 개발에서 배포 운영까지의 파이프라인 구축
A29: {{edu_needreason}} | B29: 사업 필요성&목적 | J29: 기획자들의 경우 개발자와의 커뮤니케이션에서 어려움을 겪는 경우가 많음, 또한 관련 직무의 수요조사 결과 관련된 교육의 필요성이 제기됨 본 과정은 이런 소통과 기획자의 직무에 필요한 IT관련 기초지식을 배양하여 직무관련 역량을 높이며, 바이브코딩을 통해 업무의 프로세스와 효율을 높일 수 있다
A30: {{edu_curri}} | B30: 커리큘럼 요약 | J30: LLM(예: ChatGPT, Claude)의 구조와 생성형 AI 패러다임을 이해하고, 의료·바이오 산업에서의 적용 가능성과 한계를 학습하며 기초 툴을 실습한다. 업무 전환을 위해 프롬프트의 기본 구조와 컨텍스트 설계, 페르소나 설정 및 출력 제어 방법을 익히고 직무별 적용 실습을 진행한다. 의료 AI 윤리, 개인정보 비식별화, 저작권 및 사내 보안 가이드라인을 학습하여 민감정보를 안전하게 처리하는 역량을 강화한다.
A31: {{edu_edutime}} | B31: 총시간(%) | C31: =F78&"시간 (100%)" -> 1시간 (100%)
A32: {{time_day_1}} | B32: 1일차 교육시간 | C32: =COUNTA(G82:G90) -> 1
A33: {{time_day_2}} | B33: 2일차 교육시간 | C33: =COUNTA(G92:G100) -> 0
A34: {{time_day_3}} | B34: 3일차 교육시간 | C34: =COUNTA(G102:G110) -> 0
A35: {{time_day_4}} | B35: 4일차 교육시간 | C35: =COUNTA(G112:G120) -> 0
A36: {{time_day_5}} | B36: 5일차 교육시간 | C36: =COUNTA(G122:G130) -> 0
A37: {{topic_day_1}} | B37: 1일차 교육내용 | C37: =K82 -> IEC 62304·ISO 14971 기반 설계관리 전주기의 구조와 URS–SRS–TC–ECO–Traceability 간 관계를 이해하고, ChatGPT·Claude·Claude Cowork·Claude Code의 도구별 역할을 파악한다. 오후에는 Claude·ChatGPT로 자연어 요구사항을 구조화된 URS로 자동 변환하고 Claude Cowork으로 협업 검토하며, ChatGPT·Claude를 활용하여 SRS 초안을 자동 생성하고 문서 일관성·논리를 검증하는 실습을 진행한다.
A38: {{topic_day_2}} | B38: 2일차 교육내용 | C38: =K92 -> ChatGPT로 SRS 기반 검증 가능한 TC를 자동 생성하고 Excel·Google AI Studio 연계로 표준 문서로 출력하는 실습을 진행한다. Claude Code로 설계 변경 시 영향 항목을 자동 식별하고, Claude Cowork·n8n으로 변경 알림 워크플로를 구축하는 실습을 수행한다. 실제 의료기기 설계 변경 시나리오에 AI를 적용하여 ECO 변경 영향 분석을 실습하고, TC 자동화와 ECO 식별 결과를 종합 검토한다.
A39: {{topic_day_3}} | B39: 3일차 교육내용 | C39: =K102 -> Claude Code·ChatGPT로 요구–설계–검증–위험 간 Traceability 매트릭스를 AI로 자동 생성하고 Excel·Google AI Studio로 누락을 탐지하는 실습을 진행한다. ChatGPT·Claude Code·Claude Cowork·n8n을 연결하여 설계 입력부터 변경관리까지 통합된 AI 워크플로를 설계하고, 3일간의 산출물을 통합하여 팀별 발표와 피드백을 통해 현업 AX 적용 전략을 수립한다.
A40: {{topic_day_4}} | B40: 4일차 교육내용 | C40: =K112 -> 0
A41: {{topic_day_5}} | B41: 5일차 교육내용 | C41: =K122 -> 0
D45: 능력단위코드 | E45: 능력단위 명 | F45: 훈련시간 | G45: 능력단위요소 코드 | H45: 능력단위요소 명 | I45: 훈련시간
C46: =IFERROR(G46,"") -> 2001010211_16v3.1 | D46: =VLOOKUP(J46,통합!$A$2:$I$43,6,FALSE) -> 4 | E46: =VLOOKUP(J46,통합!$A$2:$I$43,8,FALSE) -> 01 | F46: =IF(COUNTIF($D$81:$D$130,D46)=0,"",COUNTIF($D$81:$D$130,D46)) -> 1 | G46: 2001010211_16v3.1 | H46: 하드웨어 분석하기 | I46: =IF(COUNTIF($G$81:$G$130,G46)=0,"",COUNTIF($G$81:$G$130,G46)) -> 1 | J46: 09.의료장비제조 > 01.의료기기품질관리> 의료기기 품질문서 개발
C47: =IFERROR(G47,"") -> 0 | F47: =IF(COUNTIF($D$81:$D$130,D47)=0,"",COUNTIF($D$81:$D$130,D47)) | I47: =IF(COUNTIF($G$81:$G$130,G47)=0,"",COUNTIF($G$81:$G$130,G47))
C48: =IFERROR(G48,"") -> 0 | F48: =IF(COUNTIF($D$81:$D$130,D48)=0,"",COUNTIF($D$81:$D$130,D48)) | I48: =IF(COUNTIF($G$81:$G$130,G48)=0,"",COUNTIF($G$81:$G$130,G48))
C49: =IFERROR(G49,"") -> 0 | F49: =IF(COUNTIF($D$81:$D$130,D49)=0,"",COUNTIF($D$81:$D$130,D49)) | I49: =IF(COUNTIF($G$81:$G$130,G49)=0,"",COUNTIF($G$81:$G$130,G49))
C50: =IFERROR(G50,"") -> 0 | F50: =IF(COUNTIF($D$81:$D$130,D50)=0,"",COUNTIF($D$81:$D$130,D50)) | I50: =IF(COUNTIF($G$81:$G$130,G50)=0,"",COUNTIF($G$81:$G$130,G50))
C51: =IFERROR(G51,"") -> 0 | F51: =IF(COUNTIF($D$81:$D$130,D51)=0,"",COUNTIF($D$81:$D$130,D51)) | I51: =IF(COUNTIF($G$81:$G$130,G51)=0,"",COUNTIF($G$81:$G$130,G51))
C52: =IFERROR(G52,"") -> 0 | F52: =IF(COUNTIF($D$81:$D$130,D52)=0,"",COUNTIF($D$81:$D$130,D52)) | I52: =IF(COUNTIF($G$81:$G$130,G52)=0,"",COUNTIF($G$81:$G$130,G52))
C53: =IFERROR(G53,"") -> 0 | F53: =IF(COUNTIF($D$81:$D$130,D53)=0,"",COUNTIF($D$81:$D$130,D53)) | I53: =IF(COUNTIF($G$81:$G$130,G53)=0,"",COUNTIF($G$81:$G$130,G53))
C54: =IFERROR(G54,"") -> 0 | F54: =IF(COUNTIF($D$81:$D$130,D54)=0,"",COUNTIF($D$81:$D$130,D54)) | I54: =IF(COUNTIF($G$81:$G$130,G54)=0,"",COUNTIF($G$81:$G$130,G54))
C55: =IFERROR(G55,"") -> 0 | F55: =IF(COUNTIF($D$81:$D$130,D55)=0,"",COUNTIF($D$81:$D$130,D55)) | I55: =IF(COUNTIF($G$81:$G$130,G55)=0,"",COUNTIF($G$81:$G$130,G55))
C56: =IFERROR(G56,"") -> 0 | F56: =IF(COUNTIF($D$81:$D$130,D56)=0,"",COUNTIF($D$81:$D$130,D56)) | I56: =IF(COUNTIF($G$81:$G$130,G56)=0,"",COUNTIF($G$81:$G$130,G56))
C57: =IFERROR(G57,"") -> 0 | F57: =IF(COUNTIF($D$81:$D$130,D57)=0,"",COUNTIF($D$81:$D$130,D57)) | I57: =IF(COUNTIF($G$81:$G$130,G57)=0,"",COUNTIF($G$81:$G$130,G57))
C58: =IFERROR(G58,"") -> 0 | F58: =IF(COUNTIF($D$81:$D$130,D58)=0,"",COUNTIF($D$81:$D$130,D58)) | I58: =IF(COUNTIF($G$81:$G$130,G58)=0,"",COUNTIF($G$81:$G$130,G58))
... C65: =IFERROR(G65,"") -> 0 | F65: =IF(COUNTIF($D$81:$D$130,D65)=0,"",COUNTIF($D$81:$D$130,D65)) | I65: =IF(COUNTIF($G$81:$G$130,G65)=0,"",COUNTIF($G$81:$G$130,G65))
C66: =IFERROR(G66,"") -> 0 | F66: =IF(COUNTIF($D$81:$D$130,D66)=0,"",COUNTIF($D$81:$D$130,D66)) | I66: =IF(COUNTIF($G$81:$G$130,#REF!)=0,"",COUNTIF($G$81:$G$130,#REF!))
C67: =IFERROR(G67,"") -> 0 | F67: =IF(COUNTIF($D$81:$D$130,D67)=0,"",COUNTIF($D$81:$D$130,D67)) | I67: =IF(COUNTIF($G$81:$G$130,G66)=0,"",COUNTIF($G$81:$G$130,G66))
C68: =IFERROR(G68,"") -> 0 | F68: =IF(COUNTIF($D$81:$D$130,D68)=0,"",COUNTIF($D$81:$D$130,D68)) | I68: =IF(COUNTIF($G$81:$G$130,G68)=0,"",COUNTIF($G$81:$G$130,G68))
C69: =IFERROR(G69,"") -> 0 | F69: =IF(COUNTIF($D$81:$D$130,D69)=0,"",COUNTIF($D$81:$D$130,D69)) | I69: =IF(COUNTIF($G$81:$G$130,G69)=0,"",COUNTIF($G$81:$G$130,G69))
C70: =IFERROR(G70,"") -> 0 | F70: =IF(COUNTIF($D$81:$D$130,D70)=0,"",COUNTIF($D$81:$D$130,D70)) | I70: =IF(COUNTIF($G$81:$G$130,G70)=0,"",COUNTIF($G$81:$G$130,G70))
C71: =IFERROR(G71,"") -> 0 | F71: =IF(COUNTIF($D$81:$D$130,D71)=0,"",COUNTIF($D$81:$D$130,D71)) | I71: =IF(COUNTIF($G$81:$G$130,G71)=0,"",COUNTIF($G$81:$G$130,G71))
C72: =IFERROR(G72,"") -> 0 | F72: =IF(COUNTIF($D$81:$D$130,D72)=0,"",COUNTIF($D$81:$D$130,D72)) | I72: =IF(COUNTIF($G$81:$G$130,G72)=0,"",COUNTIF($G$81:$G$130,G72))
C73: =IFERROR(G73,"") -> 0 | F73: =IF(COUNTIF($D$81:$D$130,D73)=0,"",COUNTIF($D$81:$D$130,D73)) | I73: =IF(COUNTIF($G$81:$G$130,G73)=0,"",COUNTIF($G$81:$G$130,G73))
C74: =IFERROR(G74,"") -> 0 | F74: =IF(COUNTIF($D$81:$D$130,D74)=0,"",COUNTIF($D$81:$D$130,D74)) | I74: =IF(COUNTIF($G$81:$G$130,G74)=0,"",COUNTIF($G$81:$G$130,G74))
C75: =IFERROR(G75,"") -> 0 | F75: =IF(COUNTIF($D$81:$D$130,D75)=0,"",COUNTIF($D$81:$D$130,D75)) | I75: =IF(COUNTIF($G$81:$G$130,G75)=0,"",COUNTIF($G$81:$G$130,G75))
C76: =IFERROR(G76,"") -> 0 | F76: =IF(COUNTIF($D$81:$D$130,D76)=0,"",COUNTIF($D$81:$D$130,D76)) | I76: =IF(COUNTIF($G$81:$G$130,G76)=0,"",COUNTIF($G$81:$G$130,G76))
C77: =IFERROR(G77,"") -> 0 | F77: =IF(COUNTIF($D$81:$D$130,D77)=0,"",COUNTIF($D$81:$D$130,D77)) | I77: =IF(COUNTIF($G$81:$G$130,G77)=0,"",COUNTIF($G$81:$G$130,G77))
C78: 훈련시간(총) | F78: =SUM(F46:F77) -> 1 | I78: =SUM(I46:I77) -> 1
B81: 1일차 | C81: 시간 | D81: 능력단위코드 | E81: 능력단위 명 | G81: 능력단위요소 코드 | H81: 능력단위요소 명 | J81: 교육내용 | K81: 1일차 교육 내용
C82: 09:00 - 09:50 | D82: =IF(VLOOKUP(G82,$C$46:$E$77,2,FALSE)="","",VLOOKUP(G82,$C$46:$E$77,2,FALSE)) -> 4 | E82: =IF(VLOOKUP(G82,$C$46:$E$77,3,FALSE)="","",VLOOKUP(G82,$C$46:$E$77,3,FALSE)) -> 01 | G82: 2001010211_16v3.1 | H82: =IFERROR(VLOOKUP(G82,$G$46:$H$77,2,FALSE),"") -> 하드웨어 분석하기 | J82: 설계관리 전주기 개요: IEC 62304·ISO 14971 기반 프로세스 이해 | K82: IEC 62304·ISO 14971 기반 설계관리 전주기의 구조와 URS–SRS–TC–ECO–Traceability 간 관계를 이해하고, ChatGPT·Claude·Claude Cowork·Claude Code의 도구별 역할을 파악한다. 오후에는 Claude·ChatGPT로 자연어 요구사항을 구조화된 URS로 자동 변환하고 Claude Cowork으로 협업 검토하며, ChatGPT·Claude를 활용하여 SRS 초안을 자동 생성하고 문서 일관성·논리를 검증하는 실습을 진행한다.
C83: 10:00 - 10:50 | D83: =IF(VLOOKUP(G83,$C$46:$E$77,2,FALSE)="","",VLOOKUP(G83,$C$46:$E$77,2,FALSE)) | E83: =IF(VLOOKUP(G83,$C$46:$E$77,3,FALSE)="","",VLOOKUP(G83,$C$46:$E$77,3,FALSE)) | H83: =IFERROR(VLOOKUP(G83,$G$46:$H$77,2,FALSE),"") | J83: URS–SRS–TC–ECO–Traceability 구조와 AI 협업 환경 소개
C84: 11:00 - 11:50 | D84: =IF(VLOOKUP(G84,$C$46:$E$77,2,FALSE)="","",VLOOKUP(G84,$C$46:$E$77,2,FALSE)) | E84: =IF(VLOOKUP(G84,$C$46:$E$77,3,FALSE)="","",VLOOKUP(G84,$C$46:$E$77,3,FALSE)) | H84: =IFERROR(VLOOKUP(G84,$G$46:$H$77,2,FALSE),"") | J84: 생성형 AI 도구별 역할 이해: ChatGPT, Claude, Claude Cowork, Claude Code
C85: 12:00 - 12:50 (점심)
C86: 13:00 - 13:50 | D86: =IF(VLOOKUP(G86,$C$46:$E$77,2,FALSE)="","",VLOOKUP(G86,$C$46:$E$77,2,FALSE)) | E86: =IF(VLOOKUP(G86,$C$46:$E$77,3,FALSE)="","",VLOOKUP(G86,$C$46:$E$77,3,FALSE)) | H86: =IFERROR(VLOOKUP(G86,$G$46:$H$77,2,FALSE),"") | J86: AI로 URS 구조화: Claude·ChatGPT로 자연어 요구사항 정형화 실습
C87: 14:00 - 14:50 | D87: =IF(VLOOKUP(G87,$C$46:$E$77,2,FALSE)="","",VLOOKUP(G87,$C$46:$E$77,2,FALSE)) | E87: =IF(VLOOKUP(G87,$C$46:$E$77,3,FALSE)="","",VLOOKUP(G87,$C$46:$E$77,3,FALSE)) | H87: =IFERROR(VLOOKUP(G87,$G$46:$H$77,2,FALSE),"") | J87: Claude Cowork로 URS 협업 검토 및 구조화 결과 최적화 실습
C88: 15:00 - 15:50 | D88: =IF(VLOOKUP(G88,$C$46:$E$77,2,FALSE)="","",VLOOKUP(G88,$C$46:$E$77,2,FALSE)) | E88: =IF(VLOOKUP(G88,$C$46:$E$77,3,FALSE)="","",VLOOKUP(G88,$C$46:$E$77,3,FALSE)) | H88: =IFERROR(VLOOKUP(G88,$G$46:$H$77,2,FALSE),"") | J88: SRS 초안 자동 생성: ChatGPT·Claude로 문서 일관성·논리 검증 실습
C89: 16:00 - 16:50 | D89: =IF(VLOOKUP(G89,$C$46:$E$77,2,FALSE)="","",VLOOKUP(G89,$C$46:$E$77,2,FALSE)) | E89: =IF(VLOOKUP(G89,$C$46:$E$77,3,FALSE)="","",VLOOKUP(G89,$C$46:$E$77,3,FALSE)) | H89: =IFERROR(VLOOKUP(G89,$G$46:$H$77,2,FALSE),"")
C90: 17:00 - 17:50 | D90: =IF(VLOOKUP(G90,$C$46:$E$77,2,FALSE)="","",VLOOKUP(G90,$C$46:$E$77,2,FALSE)) | E90: =IF(VLOOKUP(G90,$C$46:$E$77,3,FALSE)="","",VLOOKUP(G90,$C$46:$E$77,3,FALSE)) | H90: =IFERROR(VLOOKUP(G90,$G$46:$H$77,2,FALSE),"")
B91: 2일차 | C91: 시간 | D91: 능력단위코드 | E91: 능력단위 명 | G91: 능력단위요소 코드 | H91: 능력단위요소 명 | J91: 교육내용 | K91: 2일차 교육 내용
C92: 09:00 - 09:50 | D92: =IF(VLOOKUP(G92,$C$46:$E$77,2,FALSE)="","",VLOOKUP(G92,$C$46:$E$77,2,FALSE)) | E92: =IF(VLOOKUP(G92,$C$46:$E$77,3,FALSE)="","",VLOOKUP(G92,$C$46:$E$77,3,FALSE)) | H92: =IFERROR(VLOOKUP(G92,$G$46:$H$77,2,FALSE),"") | J92: SRS→TC 자동 변환: ChatGPT로 검증 가능한 TC 생성 실습 | K92: ChatGPT로 SRS 기반 검증 가능한 TC를 자동 생성하고 Excel·Google AI Studio 연계로 표준 문서로 출력하는 실습을 진행한다. Claude Code로 설계 변경 시 영향 항목을 자동 식별하고, Claude Cowork·n8n으로 변경 알림 워크플로를 구축하는 실습을 수행한다. 실제 의료기기 설계 변경 시나리오에 AI를 적용하여 ECO 변경 영향 분석을 실습하고, TC 자동화와 ECO 식별 결과를 종합 검토한다.
C93: 10:00 - 10:50 | D93: =IF(VLOOKUP(G93,$C$46:$E$77,2,FALSE)="","",VLOOKUP(G93,$C$46:$E$77,2,FALSE)) | E93: =IF(VLOOKUP(G93,$C$46:$E$77,3,FALSE)="","",VLOOKUP(G93,$C$46:$E$77,3,FALSE)) | H93: =IFERROR(VLOOKUP(G93,$G$46:$H$77,2,FALSE),"") | J93: TC 표준 문서 출력: Excel·Google AI Studio 연계 자동화 실습
C94: 11:00 - 11:50 | D94: =IF(VLOOKUP(G94,$C$46:$E$77,2,FALSE)="","",VLOOKUP(G94,$C$46:$E$77,2,FALSE)) | E94: =IF(VLOOKUP(G94,$C$46:$E$77,3,FALSE)="","",VLOOKUP(G94,$C$46:$E$77,3,FALSE)) | H94: =IFERROR(VLOOKUP(G94,$G$46:$H$77,2,FALSE),"") | J94: ECO 변경 영향 자동 식별: Claude Code로 영향 항목 탐지 실습
C95: 12:00 - 12:50 (점심)
C96: 13:00 - 13:50 | D96: =IF(VLOOKUP(G96,$C$46:$E$77,2,FALSE)="","",VLOOKUP(G96,$C$46:$E$77,2,FALSE)) | E96: =IF(VLOOKUP(G96,$C$46:$E$77,3,FALSE)="","",VLOOKUP(G96,$C$46:$E$77,3,FALSE)) | H96: =IFERROR(VLOOKUP(G96,$G$46:$H$77,2,FALSE),"") | J96: ECO 알림 설계: Claude Cowork·n8n으로 변경 알림 워크플로 구축 실습
C97: 14:00 - 14:50 | D97: =IF(VLOOKUP(G97,$C$46:$E$77,2,FALSE)="","",VLOOKUP(G97,$C$46:$E$77,2,FALSE)) | E97: =IF(VLOOKUP(G97,$C$46:$E$77,3,FALSE)="","",VLOOKUP(G97,$C$46:$E$77,3,FALSE)) | H97: =IFERROR(VLOOKUP(G97,$G$46:$H$77,2,FALSE),"") | J97: ECO 실제 사례 적용: 의료기기 설계 변경 시나리오 AI 분석 실습
C98: 15:00 - 15:50 | D98: =IF(VLOOKUP(G98,$C$46:$E$77,2,FALSE)="","",VLOOKUP(G98,$C$46:$E$77,2,FALSE)) | E98: =IF(VLOOKUP(G98,$C$46:$E$77,3,FALSE)="","",VLOOKUP(G98,$C$46:$E$77,3,FALSE)) | H98: =IFERROR(VLOOKUP(G98,$G$46:$H$77,2,FALSE),"") | J98: 2일차 종합 정리: TC 자동화·ECO 식별 결과 검토 및 피드백
C99: 16:00 - 16:50 | D99: =IF(VLOOKUP(G99,$C$46:$E$77,2,FALSE)="","",VLOOKUP(G99,$C$46:$E$77,2,FALSE)) | E99: =IF(VLOOKUP(G99,$C$46:$E$77,3,FALSE)="","",VLOOKUP(G99,$C$46:$E$77,3,FALSE)) | H99: =IFERROR(VLOOKUP(G99,$G$46:$H$77,2,FALSE),"")
C100: 17:00 - 17:50 | D100: =IF(VLOOKUP(G100,$C$46:$E$77,2,FALSE)="","",VLOOKUP(G100,$C$46:$E$77,2,FALSE)) | E100: =IF(VLOOKUP(G100,$C$46:$E$77,3,FALSE)="","",VLOOKUP(G100,$C$46:$E$77,3,FALSE)) | H100: =IFERROR(VLOOKUP(G100,$G$46:$H$77,2,FALSE),"")
B101: 3일차 | C101: 시간 | D101: 능력단위코드 | E101: 능력단위 명 | G101: 능력단위요소 코드 | H101: 능력단위요소 명 | J101: 교육내용 | K101: 3일차 교육 내용
C102: 09:00 - 09:50 | D102: =IF(VLOOKUP(G102,$C$46:$E$77,2,FALSE)="","",VLOOKUP(G102,$C$46:$E$77,2,FALSE)) | E102: =IF(VLOOKUP(G102,$C$46:$E$77,3,FALSE)="","",VLOOKUP(G102,$C$46:$E$77,3,FALSE)) | H102: =IFERROR(VLOOKUP(G102,$G$46:$H$77,2,FALSE),"") | J102: Traceability 매트릭스 AI 자동 생성: Claude Code·ChatGPT 활용 실습 | K102: Claude Code·ChatGPT로 요구–설계–검증–위험 간 Traceability 매트릭스를 AI로 자동 생성하고 Excel·Google AI Studio로 누락을 탐지하는 실습을 진행한다. ChatGPT·Claude Code·Claude Cowork·n8n을 연결하여 설계 입력부터 변경관리까지 통합된 AI 워크플로를 설계하고, 3일간의 산출물을 통합하여 팀별 발표와 피드백을 통해 현업 AX 적용 전략을 수립한다.
C103: 10:00 - 10:50 | D103: =IF(VLOOKUP(G103,$C$46:$E$77,2,FALSE)="","",VLOOKUP(G103,$C$46:$E$77,2,FALSE)) | E103: =IF(VLOOKUP(G103,$C$46:$E$77,3,FALSE)="","",VLOOKUP(G103,$C$46:$E$77,3,FALSE)) | H103: =IFERROR(VLOOKUP(G103,$G$46:$H$77,2,FALSE),"") | J103: Traceability 누락 탐지: Excel·Google AI Studio 연계 검증 실습
C104: 11:00 - 11:50 | D104: =IF(VLOOKUP(G104,$C$46:$E$77,2,FALSE)="","",VLOOKUP(G104,$C$46:$E$77,2,FALSE)) | E104: =IF(VLOOKUP(G104,$C$46:$E$77,3,FALSE)="","",VLOOKUP(G104,$C$46:$E$77,3,FALSE)) | H104: =IFERROR(VLOOKUP(G104,$G$46:$H$77,2,FALSE),"") | J104: AI 워크플로 통합 설계: ChatGPT·Claude Code·Claude Cowork·n8n 연결 실습
C105: 12:00 - 12:50 (점심)
C106: 13:00 - 13:50 | D106: =IF(VLOOKUP(G106,$C$46:$E$77,2,FALSE)="","",VLOOKUP(G106,$C$46:$E$77,2,FALSE)) | E106: =IF(VLOOKUP(G106,$C$46:$E$77,3,FALSE)="","",VLOOKUP(G106,$C$46:$E$77,3,FALSE)) | H106: =IFERROR(VLOOKUP(G106,$G$46:$H$77,2,FALSE),"") | J106: 최종 산출물 완성: 설계관리 전주기 AI 자동화 결과물 통합
C107: 14:00 - 14:50 | D107: =IF(VLOOKUP(G107,$C$46:$E$77,2,FALSE)="","",VLOOKUP(G107,$C$46:$E$77,2,FALSE)) | E107: =IF(VLOOKUP(G107,$C$46:$E$77,3,FALSE)="","",VLOOKUP(G107,$C$46:$E$77,3,FALSE)) | H107: =IFERROR(VLOOKUP(G107,$G$46:$H$77,2,FALSE),"") | J107: 최종 산출물 발표: 팀별 AI 기반 설계관리 워크플로 결과 발표
C108: 15:00 - 15:50 | D108: =IF(VLOOKUP(G108,$C$46:$E$77,2,FALSE)="","",VLOOKUP(G108,$C$46:$E$77,2,FALSE)) | E108: =IF(VLOOKUP(G108,$C$46:$E$77,3,FALSE)="","",VLOOKUP(G108,$C$46:$E$77,3,FALSE)) | H108: =IFERROR(VLOOKUP(G108,$G$46:$H$77,2,FALSE),"") | J108: 종합 피드백, 현업 AX 적용 전략 수립 및 Q&A
C109: 16:00 - 16:50 | D109: =IF(VLOOKUP(G109,$C$46:$E$77,2,FALSE)="","",VLOOKUP(G109,$C$46:$E$77,2,FALSE)) | E109: =IF(VLOOKUP(G109,$C$46:$E$77,3,FALSE)="","",VLOOKUP(G109,$C$46:$E$77,3,FALSE)) | H109: =IFERROR(VLOOKUP(G109,$G$46:$H$77,2,FALSE),"")
C110: 17:00 - 17:50 | D110: =IF(VLOOKUP(G110,$C$46:$E$77,2,FALSE)="","",VLOOKUP(G110,$C$46:$E$77,2,FALSE)) | E110: =IF(VLOOKUP(G110,$C$46:$E$77,3,FALSE)="","",VLOOKUP(G110,$C$46:$E$77,3,FALSE)) | H110: =IFERROR(VLOOKUP(G110,$G$46:$H$77,2,FALSE),"")
B111: 4일차 | C111: 시간 | D111: 능력단위코드 | E111: 능력단위 명 | G111: 능력단위요소 코드 | H111: 능력단위요소 명 | J111: 교육내용 | K111: 4일차 교육 내용
...

Sheet 7-ALX DATA
A1: 커리큘럼 기초 내용
B2: 분류선택 | C2: 07.인공지능 > 07.생성형AI엔지니어링> 프롬프트 구현
A3: {{edu_title}} | B3: 훈련과정명 | C3: 의료기기 통합 데이터 기반 KPI 대시보드 및 AI 자동 리포팅 구축 (18h) | J3: 기획자와 컨설턴트를 위한 AI개발의 이해
B4: 커리큘럼 | C4: 1. 의료기기 품질·임상·공정 데이터 구조 이해 및 직무별 데이터 흐름 분석 2. 통합 KPI 체계 설계 및 규제 기반 의사결정 구조 수립 (ISO 13485, MFDS, FDA 기준 반영) 3. AI를 활용한 Python/Pandas 기반 데이터 정제 및 구조화 실습 (Python, Pandas, ChatGPT, Claude Code) 4. 바이브코딩을 활용한 KPI 자동 계산 코드 생성 (ChatGPT, Claude Code) 5. Streamlit 기반 KPI 대시보드 설계 및 앱 구현 (Claude Code, Python, Streamlit, ChatGPT) 6. 부서 통합 데이터 시각화 및 인터랙티브 기능 구현 (Claude Code, Streamlit, Pandas) 7. GPT 기반 KPI 자동 해석 코멘트 생성 및 분석 자동화 (ChatGPT, Claude Code) 8. 데이터 수집 → 정제 → KPI → 시각화 → AI 코멘트 → 자동 리포트 통합 AI 워크플로 구축 (Claude Code, Python, Streamlit, ChatGPT API, Claude API)
A5: {{edu_cate01}} | B5: 대분류 | C5: =VLOOKUP($C$2,통합!A2:J52,2,FALSE) -> 20.정보통신
A6: {{edu_cate02}} | B6: 중분류 | C6: =VLOOKUP($C$2,통합!A2:J52,3,FALSE) -> 01.정보기술
A7: {{edu_cate03}} | B7: 소분류 | C7: =VLOOKUP($C$2,통합!A2:J52,4,FALSE) -> 07.인공지능
A8: {{edu_cate04}} | B8: 세분류 | C8: =VLOOKUP($C$2,통합!A2:J52,8,FALSE)&"."&VLOOKUP($C$2,통합!A2:J52,9,FALSE) -> 05.프롬프트 구현
A9: {{edu_cate05}} | B9: 훈련방법 | C9: =VLOOKUP($C$2,통합!A2:J52,7,FALSE) -> 2001070705_25v1
A10: {{edu_ncslevel}} | B10: 훈련수준 | C10: =VLOOKUP($C$2,통합!A2:J52,6,FALSE) -> 5
A11: {{edu_time}} | B11: 훈련시간 | C11: =F78&"시간( "&K131&"일)" -> 1시간( 3일) | J11: 000시간(00일)
A12: 교육과정 세부 정보
A13: {{edu_target}} | B13: 훈련대상자 | C13: 의료기기 개발·제조 기업의 데이터 분석·활용 담당자 및 KPI 대시보드 구축에 관심이 있는 임직원 (품질, R&D, 생산, 경영지원 등) | J13: 기획자, 컨설턴트, 디자이너 등 개발과 AI에 이해가 필요한 직무
A14: {{edu_job}} | B14: 대상직종 | C14: 의료기기 품질관리, 연구개발(R&D), 생산관리, 경영지원, 데이터 분석 등 | J14: 기획자
A15: {{edu_limit}} | B15: 정원 | C15: 20명 | J15: 00명
A16: {{edu_feature}} | B16: 훈련과정 특성 | C16: 의료기기 산업 종사자를 대상으로 품질·임상·공정 데이터의 구조를 이해하고, 코드작성 없이 AI(ChatGPT, Claude Code)를 활용하여 Python/Pandas 기반 데이터 정제부터 바이브코딩 KPI 자동 계산, Claude Code·Streamlit 기반 KPI 대시보드 구현, GPT 기반 KPI 자동 해석, 통합 AI 워크플로 구축까지 다루는 AI 전환(AX) 최고급 과정으로, 의료기기 규제(ISO 13485, MFDS, FDA) 기준을 반영한 데이터 기반 의사결정 역량을 강화하는 신기술·융복합 훈련과정 | J16: 4차 산업혁명 등 관련된 신기술, 융복합, 미래전략산업 직종 과정 등 훈련과정의 특성 기재
A17: {{edu_summary}} | B17: 주요훈련내용 | C17: 의료기기 품질·임상·공정 데이터 구조를 이해하고 직무별 데이터 흐름을 분석한다. ISO 13485·MFDS·FDA 기준을 반영한 통합 KPI 체계를 설계하고, 코드작성 없이 ChatGPT·Claude Code를 활용하여 Python/Pandas 기반 데이터 정제·구조화를 실습한다. 바이브코딩으로 KPI 자동 계산 코드를 생성하고, Claude Code·Streamlit 기반 KPI 대시보드를 설계·구현하며 부서 통합 데이터 시각화와 인터랙티브 기능을 구현한다. ChatGPT·Claude Code 기반 KPI 자동 해석 코멘트 생성과 분석 자동화를 실습하고, 최종적으로 데이터 수집부터 AI 코멘트·자동 리포트까지 통합 AI 워크플로를 구축한다. | J17: 주요훈련내용을 요약해서 작성
A18: {{edu_ncsreason}} | B18: NCS 미적용 사유 | C18: 본 훈련과정은 의료기기 산업 현장의 데이터 기반 의사결정 및 AI 자동 리포팅 전환(AX) 수요에 맞춰 KPI 대시보드 및 AI 워크플로 구축 역량 강화를 목적으로 설계된 과정으로, 기존 NCS 분류체계에 정확히 부합하는 능력단위가 부재하여 산업 현장 맞춤형 커리큘럼으로 자체 구성함 | J18: 주요훈련내용을 요약해서 작성
A19: {{edu_goal}} | B19: 훈련목표 | C19: 의료기기 산업 종사자가 품질·임상·공정 데이터의 구조를 이해하고, 코드작성 없이 ChatGPT·Claude Code를 활용한 바이브코딩으로 Python/Pandas 기반 데이터 정제 및 KPI 자동 계산 코드를 생성하고, Claude Code·Streamlit 기반 KPI 대시보드를 구축하며, 규제 기준(ISO 13485, MFDS, FDA)을 반영한 데이터 수집부터 AI 자동 리포트까지 통합 워크플로를 직접 구축할 수 있는 데이터 파이프라인 구축 역량을 습득하는 것을 목표로 함 | J19: IT 기본 지식을 습득하고 개발자와 원활히 소통하며, 컨설팅 업무에 필요한 IT 전문 지식과 생성형 AI에 대한 이해를 높여 실무에 바로 적용할 수 있는 역량을 키우는 것을 목표로 함
A20: {{edu_guidegoal}} | B20: 지도목표 | C20: 의료기기 데이터 구조와 KPI 체계의 설계 방법론을 명확히 이해하고, 코드작성 없이 ChatGPT·Claude Code를 활용한 실습을 통해 데이터 정제·KPI 계산·대시보드 구현·AI 자동 해석 능력을 키워, 의료기기 업무 현장에서 데이터 기반 의사결정 시간을 획기적으로 단축하고 리포팅 품질을 향상시킬 수 있는 실무 문제 해결 능력을 갖추어 업무 효율성을 높입니다. | J20: IT 기본 개념을 명확히 이해하고, 실습을 통해 능력을 키워 최신 AI 기술을 활용한 실무 문제 해결 능력을 갖추어 업무의 효율성을 높입니다.
A21: {{edu_guidegoaldetail}} | B21: 세부 지도목표 | C21: * 의료기기 품질·임상·공정 데이터 구조 이해 및 직무별 데이터 흐름 분석 * ISO 13485·MFDS·FDA 기준 반영 통합 KPI 체계 설계 및 의사결정 구조 수립 * 코드작성 없이 AI를 활용하여 Python/Pandas 기반 데이터 정제·구조화 및 바이브코딩 KPI 자동 계산 실습 * Streamlit 기반 KPI 대시보드 설계·구현 및 인터랙티브 시각화 실습 * GPT 기반 KPI 자동 해석 코멘트 생성 및 분석 자동화 실습 * 데이터 수집→정제→KPI→시각화→AI 코멘트→자동 리포트 통합 워크플로 구축 역량 함양 | J21: * 운영체제, 서버, 클라우드 인프라의 기본 개념 설명 * 데이터베이스의 기초 지식과 데이터 관리 방법 이해 * 생성형 AI와 LLM의 원리 및 적용 사례 소개 * IT 용어와 개념을 쉽게 설명하고 실제 사례를 통해 이해 증진
A22: {{edu_guidegoaldetail-1}} | B22: 지도내용 | C22: [데이터 구조·KPI 설계 및 AI 활용 데이터 정제·KPI 자동 계산] - 의료기기 품질·임상·공정 데이터 구조 이해 및 KPI 체계 설계 - 코드작성 없이 ChatGPT·Claude Code로 Python/Pandas 데이터 정제 및 바이브코딩 KPI 자동 계산 | J22: [IT 기본 개념] - 운영체제와 서버의 기본 개념 - 클라우드 인프라의 이해
A23: {{edu_guidegoaldetail-2}} | C23: [Claude Code·Streamlit 대시보드 및 GPT 기반 자동 해석] - Claude Code·Streamlit 기반 KPI 대시보드 설계·구현 및 인터랙티브 시각화 - ChatGPT·Claude Code 기반 KPI 자동 해석 코멘트 생성 및 분석 자동화 | J23: [데이터베이스와 개발 기초] - 데이터베이스 기초 개념 - 개발 관련 기초 지식 및 용어
A24: {{edu_guidegoaldetail-3}} | C24: [통합 AI 워크플로 구축 및 최종 산출물] - 데이터 수집→정제→KPI→시각화→AI 코멘트→자동 리포트 통합 워크플로 구축 (Claude Code, Python, Streamlit, ChatGPT API, Claude API) - 최종 산출물: KPI 대시보드 앱, AI 자동 리포트, 통합 워크플로 | J24: [생성형 AI와 LLM] - 생성형 AI의 개념과 원리 - LLM의 동작 원리 및 실제 사례
A25: {{edu_learnhow}} | B25: 교수학습방법 | C25: 강의: 슬라이드 및 의료기기 데이터 분석·KPI 대시보드 사례 자료를 활용하여 데이터 구조·KPI 체계·AI 자동화 방법론을 시각적으로 설명 실습: 코드작성 없이 ChatGPT·Claude Code를 활용한 Python/Pandas 데이터 정제, 바이브코딩 KPI 자동 계산 코드 생성, Claude Code·Streamlit 대시보드 구현, GPT 기반 자동 해석, 통합 AI 워크플로 구축 실습, 최종 산출물 완성 프로젝트 수행 토론: 의료기기 업무 현장의 데이터 기반 의사결정 및 AI 리포팅 활용 방안에 대한 그룹 토론을 통해 실무 적용 능력 배양 Q&A: 실시간 질문을 통해 이해도 점검 및 피드백 제공 | J25: 강의: 슬라이드 및 영상 자료를 활용하여 시각적 이해를 돕고, 사례 중심으로 설명 실습: 간단한 클라우드 설정 및 데이터베이스 생성 실습 토론: 실제 사례에 기반한 토론을 통해 실무 적용 능력 배양 Q&A: 실시간 질문을 통해 이해도 점검 및 피드백 제공
A26: {{edu_testhow}} | B26: 평가방법 | C26: 가. 평가시점 : 교과목 수업 종료시 나. 평가내용 • ChatGPT·Claude Code를 활용한 Python/Pandas 데이터 정제 및 바이브코딩 KPI 자동 계산 능력 • Claude Code·Streamlit 기반 KPI 대시보드 설계·구현 능력 • GPT 기반 KPI 자동 해석 및 통합 AI 워크플로 구축 능력 다. 평가방법 • 결과평가 : 최종 산출물(KPI 대시보드 앱, AI 자동 리포트 시스템, 통합 워크플로) 제출 및 구두발표 | J26: 가. 평가시점 : 교과목 수업 종료시 나. 평가내용 • 호텔 운영 프로그램에 대한 지식(Fidelio, Opera 등) • 객실 업셀링 능력 • 고객정보 검색 능력 및 활용 기술 다. 평가방법 • 결과평가 : 구두발표
A27: {{edu_book}} | B27: 훈련교재 | C27: 자체교재 | J27: 자체교재
A28: {{edu_future}} | B28: 연계 훈련과정 (해당 훈련과정의 중장기 체계적 운영의 적정성을 위한 레벨업 실시 계획) | C28: [Basic] Lv.1 - 의료·바이오 AI 리터러시 입문 Lv.2 - 의료·바이오 데이터리터러시와 데이터시각화 Lv.2 - AI 워크플로우 설계 기초 [Advance] Lv.3 - ISO 13485 기반 QMS 반복문서 AI 자동화 구현 Lv.3 - 규제·인허가 AI 자동화 실무 Lv.4 - 의료기기 설계관리(Design Controls) AI 자동화 실습 Lv.5 - 의료기기 통합 데이터 기반 KPI 대시보드 및 AI 자동 리포팅 구축 (본 과정) | J28: [Basic] Lv.1 - 기획자와 컨설턴트를 위한 AI개발의 이해 Lv.2 - 바이브코딩 이론 및 실습 Lv.2 - 웹서비스 배포 전략 및 클라우드 서비스의 이해 [Advance] Lv.3 - 데이터베이스 이해 및 실습 1 (MySQL) Lv.3 - 데이터베이스 이해 및 실습 2 (Supabase) Lv.3 - 데이터베이스 이해 및 실습 3 (Firebase) Lv.4 - 웹앱서비스운영전략 Lv.5 - 개발에서 배포 운영까지의 파이프라인 구축
A29: {{edu_needreason}} | B29: 사업 필요성&목적 | J29: 기획자들의 경우 개발자와의 커뮤니케이션에서 어려움을 겪는 경우가 많음, 또한 관련 직무의 수요조사 결과 관련된 교육의 필요성이 제기됨 본 과정은 이런 소통과 기획자의 직무에 필요한 IT관련 기초지식을 배양하여 직무관련 역량을 높이며, 바이브코딩을 통해 업무의 프로세스와 효율을 높일 수 있다
A30: {{edu_curri}} | B30: 커리큘럼 요약 | J30: LLM(예: ChatGPT, Claude)의 구조와 생성형 AI 패러다임을 이해하고, 의료·바이오 산업에서의 적용 가능성과 한계를 학습하며 기초 툴을 실습한다. 업무 전환을 위해 프롬프트의 기본 구조와 컨텍스트 설계, 페르소나 설정 및 출력 제어 방법을 익히고 직무별 적용 실습을 진행한다. 의료 AI 윤리, 개인정보 비식별화, 저작권 및 사내 보안 가이드라인을 학습하여 민감정보를 안전하게 처리하는 역량을 강화한다.
A31: {{edu_edutime}} | B31: 총시간(%) | C31: =F78&"시간 (100%)" -> 1시간 (100%)
A32: {{time_day_1}} | B32: 1일차 교육시간 | C32: =COUNTA(G82:G90) -> 1
A33: {{time_day_2}} | B33: 2일차 교육시간 | C33: =COUNTA(G92:G100) -> 0
A34: {{time_day_3}} | B34: 3일차 교육시간 | C34: =COUNTA(G102:G110) -> 0
A35: {{time_day_4}} | B35: 4일차 교육시간 | C35: =COUNTA(G112:G120) -> 0
A36: {{time_day_5}} | B36: 5일차 교육시간 | C36: =COUNTA(G122:G130) -> 0
A37: {{topic_day_1}} | B37: 1일차 교육내용 | C37: =K82 -> 의료기기 품질·임상·공정 데이터의 구조를 이해하고 직무별 데이터 흐름을 분석한 후, ISO 13485·MFDS·FDA 기준을 반영한 통합 KPI 체계를 설계하고 규제 기반 의사결정 구조를 수립한다. 코드작성 없이 ChatGPT·Claude Code를 활용하여 Python/Pandas 기반 데이터 정제·구조화를 실습하고, 바이브코딩을 통해 KPI 자동 계산 코드를 생성·검증하는 실습을 진행한다.
A38: {{topic_day_2}} | B38: 2일차 교육내용 | C38: =K92 -> ChatGPT를 활용하여 Claude Code·Streamlit 기반 KPI 대시보드를 설계하고 실제 앱을 구현하는 실습을 진행한다. Claude Code·Streamlit·Pandas로 부서 통합 데이터 시각화와 필터·드릴다운·동적 차트 등 인터랙티브 기능을 구현한 후, ChatGPT·Claude Code를 활용하여 GPT 기반 KPI 자동 해석 코멘트 생성과 분석 자동화를 실습하여 대시보드에 AI 해석 기능을 통합한다.
A39: {{topic_day_3}} | B39: 3일차 교육내용 | C39: =K102 -> 데이터 수집부터 정제→KPI 계산→시각화→AI 코멘트→자동 리포트까지 연결되는 통합 AI 워크플로를 설계하고, ChatGPT API·Claude API를 연동하여 Claude Code·Python·Streamlit 기반 통합 시스템을 구축하는 실습을 진행한다. 3일간의 학습 내용을 종합하여 KPI 대시보드 앱, AI 자동 리포트 시스템, 통합 워크플로를 최종 산출물로 완성하고 팀별 발표를 통해 결과를 공유한다.
A40: {{topic_day_4}} | B40: 4일차 교육내용 | C40: =K112 -> 0
A41: {{topic_day_5}} | B41: 5일차 교육내용 | C41: =K122 -> 0
D45: 능력단위코드 | E45: 능력단위 명 | F45: 훈련시간 | G45: 능력단위요소 코드 | H45: 능력단위요소 명 | I45: 훈련시간
C46: =IFERROR(G46,"") -> 2001010211_16v3.1 | D46: =VLOOKUP(J46,통합!$A$2:$I$43,6,FALSE) -> 4 | E46: =VLOOKUP(J46,통합!$A$2:$I$43,8,FALSE) -> 01 | F46: =IF(COUNTIF($D$81:$D$130,D46)=0,"",COUNTIF($D$81:$D$130,D46)) -> 1 | G46: 2001010211_16v3.1 | H46: 하드웨어 분석하기 | I46: =IF(COUNTIF($G$81:$G$130,G46)=0,"",COUNTIF($G$81:$G$130,G46)) -> 1 | J46: 09.의료장비제조 > 01.의료기기품질관리> 의료기기 품질문서 개발
C47: =IFERROR(G47,"") -> 0 | F47: =IF(COUNTIF($D$81:$D$130,D47)=0,"",COUNTIF($D$81:$D$130,D47)) | I47: =IF(COUNTIF($G$81:$G$130,G47)=0,"",COUNTIF($G$81:$G$130,G47))
C48: =IFERROR(G48,"") -> 0 | F48: =IF(COUNTIF($D$81:$D$130,D48)=0,"",COUNTIF($D$81:$D$130,D48)) | I48: =IF(COUNTIF($G$81:$G$130,G48)=0,"",COUNTIF($G$81:$G$130,G48))
C49: =IFERROR(G49,"") -> 0 | F49: =IF(COUNTIF($D$81:$D$130,D49)=0,"",COUNTIF($D$81:$D$130,D49)) | I49: =IF(COUNTIF($G$81:$G$130,G49)=0,"",COUNTIF($G$81:$G$130,G49))
C50: =IFERROR(G50,"") -> 0 | F50: =IF(COUNTIF($D$81:$D$130,D50)=0,"",COUNTIF($D$81:$D$130,D50)) | I50: =IF(COUNTIF($G$81:$G$130,G50)=0,"",COUNTIF($G$81:$G$130,G50))
C51: =IFERROR(G51,"") -> 0 | F51: =IF(COUNTIF($D$81:$D$130,D51)=0,"",COUNTIF($D$81:$D$130,D51)) | I51: =IF(COUNTIF($G$81:$G$130,G51)=0,"",COUNTIF($G$81:$G$130,G51))
C52: =IFERROR(G52,"") -> 0 | F52: =IF(COUNTIF($D$81:$D$130,D52)=0,"",COUNTIF($D$81:$D$130,D52)) | I52: =IF(COUNTIF($G$81:$G$130,G52)=0,"",COUNTIF($G$81:$G$130,G52))
C53: =IFERROR(G53,"") -> 0 | F53: =IF(COUNTIF($D$81:$D$130,D53)=0,"",COUNTIF($D$81:$D$130,D53)) | I53: =IF(COUNTIF($G$81:$G$130,G53)=0,"",COUNTIF($G$81:$G$130,G53))
C54: =IFERROR(G54,"") -> 0 | F54: =IF(COUNTIF($D$81:$D$130,D54)=0,"",COUNTIF($D$81:$D$130,D54)) | I54: =IF(COUNTIF($G$81:$G$130,G54)=0,"",COUNTIF($G$81:$G$130,G54))
C55: =IFERROR(G55,"") -> 0 | F55: =IF(COUNTIF($D$81:$D$130,D55)=0,"",COUNTIF($D$81:$D$130,D55)) | I55: =IF(COUNTIF($G$81:$G$130,G55)=0,"",COUNTIF($G$81:$G$130,G55))
C56: =IFERROR(G56,"") -> 0 | F56: =IF(COUNTIF($D$81:$D$130,D56)=0,"",COUNTIF($D$81:$D$130,D56)) | I56: =IF(COUNTIF($G$81:$G$130,G56)=0,"",COUNTIF($G$81:$G$130,G56))
C57: =IFERROR(G57,"") -> 0 | F57: =IF(COUNTIF($D$81:$D$130,D57)=0,"",COUNTIF($D$81:$D$130,D57)) | I57: =IF(COUNTIF($G$81:$G$130,G57)=0,"",COUNTIF($G$81:$G$130,G57))
C58: =IFERROR(G58,"") -> 0 | F58: =IF(COUNTIF($D$81:$D$130,D58)=0,"",COUNTIF($D$81:$D$130,D58)) | I58: =IF(COUNTIF($G$81:$G$130,G58)=0,"",COUNTIF($G$81:$G$130,G58))
... C65: =IFERROR(G65,"") -> 0 | F65: =IF(COUNTIF($D$81:$D$130,D65)=0,"",COUNTIF($D$81:$D$130,D65)) | I65: =IF(COUNTIF($G$81:$G$130,G65)=0,"",COUNTIF($G$81:$G$130,G65))
C66: =IFERROR(G66,"") -> 0 | F66: =IF(COUNTIF($D$81:$D$130,D66)=0,"",COUNTIF($D$81:$D$130,D66)) | I66: =IF(COUNTIF($G$81:$G$130,#REF!)=0,"",COUNTIF($G$81:$G$130,#REF!))
C67: =IFERROR(G67,"") -> 0 | F67: =IF(COUNTIF($D$81:$D$130,D67)=0,"",COUNTIF($D$81:$D$130,D67)) | I67: =IF(COUNTIF($G$81:$G$130,G66)=0,"",COUNTIF($G$81:$G$130,G66))
C68: =IFERROR(G68,"") -> 0 | F68: =IF(COUNTIF($D$81:$D$130,D68)=0,"",COUNTIF($D$81:$D$130,D68)) | I68: =IF(COUNTIF($G$81:$G$130,G68)=0,"",COUNTIF($G$81:$G$130,G68))
C69: =IFERROR(G69,"") -> 0 | F69: =IF(COUNTIF($D$81:$D$130,D69)=0,"",COUNTIF($D$81:$D$130,D69)) | I69: =IF(COUNTIF($G$81:$G$130,G69)=0,"",COUNTIF($G$81:$G$130,G69))
C70: =IFERROR(G70,"") -> 0 | F70: =IF(COUNTIF($D$81:$D$130,D70)=0,"",COUNTIF($D$81:$D$130,D70)) | I70: =IF(COUNTIF($G$81:$G$130,G70)=0,"",COUNTIF($G$81:$G$130,G70))
C71: =IFERROR(G71,"") -> 0 | F71: =IF(COUNTIF($D$81:$D$130,D71)=0,"",COUNTIF($D$81:$D$130,D71)) | I71: =IF(COUNTIF($G$81:$G$130,G71)=0,"",COUNTIF($G$81:$G$130,G71))
C72: =IFERROR(G72,"") -> 0 | F72: =IF(COUNTIF($D$81:$D$130,D72)=0,"",COUNTIF($D$81:$D$130,D72)) | I72: =IF(COUNTIF($G$81:$G$130,G72)=0,"",COUNTIF($G$81:$G$130,G72))
C73: =IFERROR(G73,"") -> 0 | F73: =IF(COUNTIF($D$81:$D$130,D73)=0,"",COUNTIF($D$81:$D$130,D73)) | I73: =IF(COUNTIF($G$81:$G$130,G73)=0,"",COUNTIF($G$81:$G$130,G73))
C74: =IFERROR(G74,"") -> 0 | F74: =IF(COUNTIF($D$81:$D$130,D74)=0,"",COUNTIF($D$81:$D$130,D74)) | I74: =IF(COUNTIF($G$81:$G$130,G74)=0,"",COUNTIF($G$81:$G$130,G74))
C75: =IFERROR(G75,"") -> 0 | F75: =IF(COUNTIF($D$81:$D$130,D75)=0,"",COUNTIF($D$81:$D$130,D75)) | I75: =IF(COUNTIF($G$81:$G$130,G75)=0,"",COUNTIF($G$81:$G$130,G75))
C76: =IFERROR(G76,"") -> 0 | F76: =IF(COUNTIF($D$81:$D$130,D76)=0,"",COUNTIF($D$81:$D$130,D76)) | I76: =IF(COUNTIF($G$81:$G$130,G76)=0,"",COUNTIF($G$81:$G$130,G76))
C77: =IFERROR(G77,"") -> 0 | F77: =IF(COUNTIF($D$81:$D$130,D77)=0,"",COUNTIF($D$81:$D$130,D77)) | I77: =IF(COUNTIF($G$81:$G$130,G77)=0,"",COUNTIF($G$81:$G$130,G77))
C78: 훈련시간(총) | F78: =SUM(F46:F77) -> 1 | I78: =SUM(I46:I77) -> 1
B81: 1일차 | C81: 시간 | D81: 능력단위코드 | E81: 능력단위 명 | G81: 능력단위요소 코드 | H81: 능력단위요소 명 | J81: 교육내용 | K81: 1일차 교육 내용
C82: 09:00 - 09:50 | D82: =IF(VLOOKUP(G82,$C$46:$E$77,2,FALSE)="","",VLOOKUP(G82,$C$46:$E$77,2,FALSE)) -> 4 | E82: =IF(VLOOKUP(G82,$C$46:$E$77,3,FALSE)="","",VLOOKUP(G82,$C$46:$E$77,3,FALSE)) -> 01 | G82: 2001010211_16v3.1 | H82: =IFERROR(VLOOKUP(G82,$G$46:$H$77,2,FALSE),"") -> 하드웨어 분석하기 | J82: 의료기기 품질·임상·공정 데이터 구조 이해 및 데이터 흐름 분석 | K82: 의료기기 품질·임상·공정 데이터의 구조를 이해하고 직무별 데이터 흐름을 분석한 후, ISO 13485·MFDS·FDA 기준을 반영한 통합 KPI 체계를 설계하고 규제 기반 의사결정 구조를 수립한다. 코드작성 없이 ChatGPT·Claude Code를 활용하여 Python/Pandas 기반 데이터 정제·구조화를 실습하고, 바이브코딩을 통해 KPI 자동 계산 코드를 생성·검증하는 실습을 진행한다.
C83: 10:00 - 10:50 | D83: =IF(VLOOKUP(G83,$C$46:$E$77,2,FALSE)="","",VLOOKUP(G83,$C$46:$E$77,2,FALSE)) | E83: =IF(VLOOKUP(G83,$C$46:$E$77,3,FALSE)="","",VLOOKUP(G83,$C$46:$E$77,3,FALSE)) | H83: =IFERROR(VLOOKUP(G83,$G$46:$H$77,2,FALSE),"") | J83: 통합 KPI 체계 설계 및 규제 기반 의사결정 구조 수립
C84: 11:00 - 11:50 | D84: =IF(VLOOKUP(G84,$C$46:$E$77,2,FALSE)="","",VLOOKUP(G84,$C$46:$E$77,2,FALSE)) | E84: =IF(VLOOKUP(G84,$C$46:$E$77,3,FALSE)="","",VLOOKUP(G84,$C$46:$E$77,3,FALSE)) | H84: =IFERROR(VLOOKUP(G84,$G$46:$H$77,2,FALSE),"") | J84: Python/Pandas 기반 데이터 정제 및 구조화 실습 (ChatGPT, ClaudeCode 활용)
C85: 12:00 - 12:50 (점심)
C86: 13:00 - 13:50 | D86: =IF(VLOOKUP(G86,$C$46:$E$77,2,FALSE)="","",VLOOKUP(G86,$C$46:$E$77,2,FALSE)) | E86: =IF(VLOOKUP(G86,$C$46:$E$77,3,FALSE)="","",VLOOKUP(G86,$C$46:$E$77,3,FALSE)) | H86: =IFERROR(VLOOKUP(G86,$G$46:$H$77,2,FALSE),"") | J86: Python/Pandas 데이터 전처리 심화 실습 (ChatGPT, ClaudeCode 활용)
C87: 14:00 - 14:50 | D87: =IF(VLOOKUP(G87,$C$46:$E$77,2,FALSE)="","",VLOOKUP(G87,$C$46:$E$77,2,FALSE)) | E87: =IF(VLOOKUP(G87,$C$46:$E$77,3,FALSE)="","",VLOOKUP(G87,$C$46:$E$77,3,FALSE)) | H87: =IFERROR(VLOOKUP(G87,$G$46:$H$77,2,FALSE),"") | J87: 바이브코딩으로 KPI 자동 계산 코드 생성 (ChatGPT, Claude Code)
C88: 15:00 - 15:50 | D88: =IF(VLOOKUP(G88,$C$46:$E$77,2,FALSE)="","",VLOOKUP(G88,$C$46:$E$77,2,FALSE)) | E88: =IF(VLOOKUP(G88,$C$46:$E$77,3,FALSE)="","",VLOOKUP(G88,$C$46:$E$77,3,FALSE)) | H88: =IFERROR(VLOOKUP(G88,$G$46:$H$77,2,FALSE),"") | J88: KPI 자동 계산 코드 검증 및 1일차 종합 정리
C89: 16:00 - 16:50 | D89: =IF(VLOOKUP(G89,$C$46:$E$77,2,FALSE)="","",VLOOKUP(G89,$C$46:$E$77,2,FALSE)) | E89: =IF(VLOOKUP(G89,$C$46:$E$77,3,FALSE)="","",VLOOKUP(G89,$C$46:$E$77,3,FALSE)) | H89: =IFERROR(VLOOKUP(G89,$G$46:$H$77,2,FALSE),"")
C90: 17:00 - 17:50 | D90: =IF(VLOOKUP(G90,$C$46:$E$77,2,FALSE)="","",VLOOKUP(G90,$C$46:$E$77,2,FALSE)) | E90: =IF(VLOOKUP(G90,$C$46:$E$77,3,FALSE)="","",VLOOKUP(G90,$C$46:$E$77,3,FALSE)) | H90: =IFERROR(VLOOKUP(G90,$G$46:$H$77,2,FALSE),"")
B91: 2일차 | C91: 시간 | D91: 능력단위코드 | E91: 능력단위 명 | G91: 능력단위요소 코드 | H91: 능력단위요소 명 | J91: 교육내용 | K91: 2일차 교육 내용
C92: 09:00 - 09:50 | D92: =IF(VLOOKUP(G92,$C$46:$E$77,2,FALSE)="","",VLOOKUP(G92,$C$46:$E$77,2,FALSE)) | E92: =IF(VLOOKUP(G92,$C$46:$E$77,3,FALSE)="","",VLOOKUP(G92,$C$46:$E$77,3,FALSE)) | H92: =IFERROR(VLOOKUP(G92,$G$46:$H$77,2,FALSE),"") | J92: Claude Code·Streamlit 기반 KPI 대시보드 설계 및 UI 구성 (ChatGPT 활용) | K92: ChatGPT를 활용하여 Claude Code·Streamlit 기반 KPI 대시보드를 설계하고 실제 앱을 구현하는 실습을 진행한다. Claude Code·Streamlit·Pandas로 부서 통합 데이터 시각화와 필터·드릴다운·동적 차트 등 인터랙티브 기능을 구현한 후, ChatGPT·Claude Code를 활용하여 GPT 기반 KPI 자동 해석 코멘트 생성과 분석 자동화를 실습하여 대시보드에 AI 해석 기능을 통합한다.
C93: 10:00 - 10:50 | D93: =IF(VLOOKUP(G93,$C$46:$E$77,2,FALSE)="","",VLOOKUP(G93,$C$46:$E$77,2,FALSE)) | E93: =IF(VLOOKUP(G93,$C$46:$E$77,3,FALSE)="","",VLOOKUP(G93,$C$46:$E$77,3,FALSE)) | H93: =IFERROR(VLOOKUP(G93,$G$46:$H$77,2,FALSE),"") | J93: Claude Code·Streamlit 대시보드 앱 구현 실습 (Python, Streamlit)
C94: 11:00 - 11:50 | D94: =IF(VLOOKUP(G94,$C$46:$E$77,2,FALSE)="","",VLOOKUP(G94,$C$46:$E$77,2,FALSE)) | E94: =IF(VLOOKUP(G94,$C$46:$E$77,3,FALSE)="","",VLOOKUP(G94,$C$46:$E$77,3,FALSE)) | H94: =IFERROR(VLOOKUP(G94,$G$46:$H$77,2,FALSE),"") | J94: 부서 통합 데이터 시각화 실습 (Claude Code, Streamlit, Pandas)
C95: 12:00 - 12:50 (점심)
C96: 13:00 - 13:50 | D96: =IF(VLOOKUP(G96,$C$46:$E$77,2,FALSE)="","",VLOOKUP(G96,$C$46:$E$77,2,FALSE)) | E96: =IF(VLOOKUP(G96,$C$46:$E$77,3,FALSE)="","",VLOOKUP(G96,$C$46:$E$77,3,FALSE)) | H96: =IFERROR(VLOOKUP(G96,$G$46:$H$77,2,FALSE),"") | J96: 인터랙티브 기능 구현: 필터·드릴다운·동적 차트 (Claude Code, Streamlit)
C97: 14:00 - 14:50 | D97: =IF(VLOOKUP(G97,$C$46:$E$77,2,FALSE)="","",VLOOKUP(G97,$C$46:$E$77,2,FALSE)) | E97: =IF(VLOOKUP(G97,$C$46:$E$77,3,FALSE)="","",VLOOKUP(G97,$C$46:$E$77,3,FALSE)) | H97: =IFERROR(VLOOKUP(G97,$G$46:$H$77,2,FALSE),"") | J97: GPT 기반 KPI 자동 해석 코멘트 생성 실습 (ChatGPT, Claude Code)
C98: 15:00 - 15:50 | D98: =IF(VLOOKUP(G98,$C$46:$E$77,2,FALSE)="","",VLOOKUP(G98,$C$46:$E$77,2,FALSE)) | E98: =IF(VLOOKUP(G98,$C$46:$E$77,3,FALSE)="","",VLOOKUP(G98,$C$46:$E$77,3,FALSE)) | H98: =IFERROR(VLOOKUP(G98,$G$46:$H$77,2,FALSE),"") | J98: KPI 분석 자동화 심화 및 2일차 종합 정리
C99: 16:00 - 16:50 | D99: =IF(VLOOKUP(G99,$C$46:$E$77,2,FALSE)="","",VLOOKUP(G99,$C$46:$E$77,2,FALSE)) | E99: =IF(VLOOKUP(G99,$C$46:$E$77,3,FALSE)="","",VLOOKUP(G99,$C$46:$E$77,3,FALSE)) | H99: =IFERROR(VLOOKUP(G99,$G$46:$H$77,2,FALSE),"")
C100: 17:00 - 17:50 | D100: =IF(VLOOKUP(G100,$C$46:$E$77,2,FALSE)="","",VLOOKUP(G100,$C$46:$E$77,2,FALSE)) | E100: =IF(VLOOKUP(G100,$C$46:$E$77,3,FALSE)="","",VLOOKUP(G100,$C$46:$E$77,3,FALSE)) | H100: =IFERROR(VLOOKUP(G100,$G$46:$H$77,2,FALSE),"")
B101: 3일차 | C101: 시간 | D101: 능력단위코드 | E101: 능력단위 명 | G101: 능력단위요소 코드 | H101: 능력단위요소 명 | J101: 교육내용 | K101: 3일차 교육 내용
C102: 09:00 - 09:50 | D102: =IF(VLOOKUP(G102,$C$46:$E$77,2,FALSE)="","",VLOOKUP(G102,$C$46:$E$77,2,FALSE)) | E102: =IF(VLOOKUP(G102,$C$46:$E$77,3,FALSE)="","",VLOOKUP(G102,$C$46:$E$77,3,FALSE)) | H102: =IFERROR(VLOOKUP(G102,$G$46:$H$77,2,FALSE),"") | J102: 통합 AI 워크플로 설계: 데이터 수집→정제→KPI→시각화 파이프라인 | K102: 데이터 수집부터 정제→KPI 계산→시각화→AI 코멘트→자동 리포트까지 연결되는 통합 AI 워크플로를 설계하고, ChatGPT API·Claude API를 연동하여 Claude Code·Python·Streamlit 기반 통합 시스템을 구축하는 실습을 진행한다. 3일간의 학습 내용을 종합하여 KPI 대시보드 앱, AI 자동 리포트 시스템, 통합 워크플로를 최종 산출물로 완성하고 팀별 발표를 통해 결과를 공유한다.
C103: 10:00 - 10:50 | D103: =IF(VLOOKUP(G103,$C$46:$E$77,2,FALSE)="","",VLOOKUP(G103,$C$46:$E$77,2,FALSE)) | E103: =IF(VLOOKUP(G103,$C$46:$E$77,3,FALSE)="","",VLOOKUP(G103,$C$46:$E$77,3,FALSE)) | H103: =IFERROR(VLOOKUP(G103,$G$46:$H$77,2,FALSE),"") | J103: AI 코멘트→자동 리포트 연결 및 ChatGPT API·Claude API 연동 실습
C104: 11:00 - 11:50 | D104: =IF(VLOOKUP(G104,$C$46:$E$77,2,FALSE)="","",VLOOKUP(G104,$C$46:$E$77,2,FALSE)) | E104: =IF(VLOOKUP(G104,$C$46:$E$77,3,FALSE)="","",VLOOKUP(G104,$C$46:$E$77,3,FALSE)) | H104: =IFERROR(VLOOKUP(G104,$G$46:$H$77,2,FALSE),"") | J104: 통합 AI 워크플로 구축 실습 (Claude Code, Python, Streamlit, ChatGPT API)
C105: 12:00 - 12:50 (점심)
C106: 13:00 - 13:50 | D106: =IF(VLOOKUP(G106,$C$46:$E$77,2,FALSE)="","",VLOOKUP(G106,$C$46:$E$77,2,FALSE)) | E106: =IF(VLOOKUP(G106,$C$46:$E$77,3,FALSE)="","",VLOOKUP(G106,$C$46:$E$77,3,FALSE)) | H106: =IFERROR(VLOOKUP(G106,$G$46:$H$77,2,FALSE),"") | J106: 최종 산출물 완성: KPI 대시보드·AI 리포트·통합 워크플로
C107: 14:00 - 14:50 | D107: =IF(VLOOKUP(G107,$C$46:$E$77,2,FALSE)="","",VLOOKUP(G107,$C$46:$E$77,2,FALSE)) | E107: =IF(VLOOKUP(G107,$C$46:$E$77,3,FALSE)="","",VLOOKUP(G107,$C$46:$E$77,3,FALSE)) | H107: =IFERROR(VLOOKUP(G107,$G$46:$H$77,2,FALSE),"") | J107: 최종 산출물 발표: 팀별 KPI 대시보드 및 AI 리포팅 결과 발표
C108: 15:00 - 15:50 | D108: =IF(VLOOKUP(G108,$C$46:$E$77,2,FALSE)="","",VLOOKUP(G108,$C$46:$E$77,2,FALSE)) | E108: =IF(VLOOKUP(G108,$C$46:$E$77,3,FALSE)="","",VLOOKUP(G108,$C$46:$E$77,3,FALSE)) | H108: =IFERROR(VLOOKUP(G108,$G$46:$H$77,2,FALSE),"") | J108: 종합 피드백, 현업 적용 전략 수립 및 Q&A
C109: 16:00 - 16:50 | D109: =IF(VLOOKUP(G109,$C$46:$E$77,2,FALSE)="","",VLOOKUP(G109,$C$46:$E$77,2,FALSE)) | E109: =IF(VLOOKUP(G109,$C$46:$E$77,3,FALSE)="","",VLOOKUP(G109,$C$46:$E$77,3,FALSE)) | H109: =IFERROR(VLOOKUP(G109,$G$46:$H$77,2,FALSE),"")
C110: 17:00 - 17:50 | D110: =IF(VLOOKUP(G110,$C$46:$E$77,2,FALSE)="","",VLOOKUP(G110,$C$46:$E$77,2,FALSE)) | E110: =IF(VLOOKUP(G110,$C$46:$E$77,3,FALSE)="","",VLOOKUP(G110,$C$46:$E$77,3,FALSE)) | H110: =IFERROR(VLOOKUP(G110,$G$46:$H$77,2,FALSE),"")
B111: 4일차 | C111: 시간 | D111: 능력단위코드 | E111: 능력단위 명 | G111: 능력단위요소 코드 | H111: 능력단위요소 명 | J111: 교육내용 | K111: 4일차 교육 내용
...

Sheet 탬플릿-기준
A1: 커리큘럼 기초 내용
B2: 분류선택 | C2: 07.인공지능 > 07.생성형AI엔지니어링> 프롬프트 구현
A3: {{edu_title}} | B3: 훈련과정명 | C3: 의료·바이오 AI 리터러시 입문 | J3: 기획자와 컨설턴트를 위한 AI개발의 이해
B4: 커리큘럼 | C4: 1. 의료·바이오 분야 AI 적용 사례와 한계 2. AI의 이해 (생성형 AI의 이해 및 활용, ChatGPT/Claude/Gemini) 3. 프롬프트엔지니어링과 생성형AI의 고급 활용 4. 반복업무를 손쉽게 하는 나만의 챗봇 (GPTs, Gems) 5. AI를 활용한 문서작업 - ( ChatGPT, Claude, Gemini, Genspark, Google Docs ) 6. 리서치, 기획, 제안, 문서작업 등을 위한 NotebookLM 활용법 7. AI윤리, 보안의 이해
A5: {{edu_cate01}} | B5: 대분류 | C5: =VLOOKUP($C$2,통합!A2:J52,2,FALSE) -> 20.정보통신
A6: {{edu_cate02}} | B6: 중분류 | C6: =VLOOKUP($C$2,통합!A2:J52,3,FALSE) -> 01.정보기술
A7: {{edu_cate03}} | B7: 소분류 | C7: =VLOOKUP($C$2,통합!A2:J52,4,FALSE) -> 07.인공지능
A8: {{edu_cate04}} | B8: 세분류 | C8: =VLOOKUP($C$2,통합!A2:J52,8,FALSE)&"."&VLOOKUP($C$2,통합!A2:J52,9,FALSE) -> 05.프롬프트 구현
A9: {{edu_cate05}} | B9: 훈련방법 | C9: =VLOOKUP($C$2,통합!A2:J52,7,FALSE) -> 2001070705_25v1
A10: {{edu_ncslevel}} | B10: 훈련수준 | C10: =VLOOKUP($C$2,통합!A2:J52,6,FALSE) -> 5
A11: {{edu_time}} | B11: 훈련시간 | C11: =F76&"시간( "&K129&"일)" -> 1시간( 0일) | J11: 000시간(00일)
A12: 교육과정 세부 정보
A13: {{edu_target}} | B13: 훈련대상자 | J13: 기획자, 컨설턴트, 디자이너 등 개발과 AI에 이해가 필요한 직무
A14: {{edu_job}} | B14: 대상직종 | J14: 기획자
A15: {{edu_limit}} | B15: 정원 | J15: 00명
A16: {{edu_feature}} | B16: 훈련과정 특성 | J16: 4차 산업혁명 등 관련된 신기술, 융복합, 미래전략산업 직종 과정 등 훈련과정의 특성 기재
A17: {{edu_summary}} | B17: 주요훈련내용 | J17: 주요훈련내용을 요약해서 작성
A18: {{edu_ncsreason}} | B18: NCS 미적용 사유 | J18: 주요훈련내용을 요약해서 작성
A19: {{edu_goal}} | B19: 훈련목표 | J19: IT 기본 지식을 습득하고 개발자와 원활히 소통하며, 컨설팅 업무에 필요한 IT 전문 지식과 생성형 AI에 대한 이해를 높여 실무에 바로 적용할 수 있는 역량을 키우는 것을 목표로 함
A20: {{edu_guidegoal}} | B20: 지도목표 | J20: IT 기본 개념을 명확히 이해하고, 실습을 통해 능력을 키워 최신 AI 기술을 활용한 실무 문제 해결 능력을 갖추어 업무의 효율성을 높입니다.
A21: {{edu_guidegoaldetail}} | B21: 세부 지도목표 | J21: * 운영체제, 서버, 클라우드 인프라의 기본 개념 설명 * 데이터베이스의 기초 지식과 데이터 관리 방법 이해 * 생성형 AI와 LLM의 원리 및 적용 사례 소개 * IT 용어와 개념을 쉽게 설명하고 실제 사례를 통해 이해 증진
A22: {{edu_guidegoaldetail-1}} | B22: 지도내용 | J22: [IT 기본 개념] - 운영체제와 서버의 기본 개념 - 클라우드 인프라의 이해
A23: {{edu_guidegoaldetail-2}} | J23: [데이터베이스와 개발 기초] - 데이터베이스 기초 개념 - 개발 관련 기초 지식 및 용어
A24: {{edu_guidegoaldetail-3}} | J24: [생성형 AI와 LLM] - 생성형 AI의 개념과 원리 - LLM의 동작 원리 및 실제 사례
A25: {{edu_learnhow}} | B25: 교수학습방법 | J25: 강의: 슬라이드 및 영상 자료를 활용하여 시각적 이해를 돕고, 사례 중심으로 설명 실습: 간단한 클라우드 설정 및 데이터베이스 생성 실습 토론: 실제 사례에 기반한 토론을 통해 실무 적용 능력 배양 Q&A: 실시간 질문을 통해 이해도 점검 및 피드백 제공
A26: {{edu_testhow}} | B26: 평가방법 | J26: 가. 평가시점 : 교과목 수업 종료시 나. 평가내용 • 호텔 운영 프로그램에 대한 지식(Fidelio, Opera 등) • 객실 업셀링 능력 • 고객정보 검색 능력 및 활용 기술 다. 평가방법 • 결과평가 : 구두발표
A27: {{edu_book}} | B27: 훈련교재 | J27: 자체교재
A28: {{edu_book}} | B28: 연계 훈련과정 (해당 훈련과정의 중장기 체계적 운영의 적정성을 위한 레벨업 실시 계획) | J28: [Basic] Lv.1 - 기획자와 컨설턴트를 위한 AI개발의 이해 Lv.2 - 바이브코딩 이론 및 실습 Lv.2 - 웹서비스 배포 전략 및 클라우드 서비스의 이해 [Advance] Lv.3 - 데이터베이스 이해 및 실습 1 (MySQL) Lv.3 - 데이터베이스 이해 및 실습 2 (Supabase) Lv.3 - 데이터베이스 이해 및 실습 3 (Firebase) Lv.4 - 웹앱서비스운영전략 Lv.5 - 개발에서 배포 운영까지의 파이프라인 구축
A29: {{edu_edutime}} | B29: 총시간(%) | C29: =F76&"시간 (100%)" -> 1시간 (100%)
A30: {{time_day_1}} | B30: 1일차 교육시간 | C30: =COUNTA(G80:G88) -> 1
A31: {{time_day_2}} | B31: 2일차 교육시간 | C31: =COUNTA(G90:G98) -> 0
A32: {{time_day_3}} | B32: 3일차 교육시간 | C32: =COUNTA(G100:G108) -> 0
A33: {{time_day_4}} | B33: 4일차 교육시간 | C33: =COUNTA(G110:G118) -> 0
A34: {{time_day_5}} | B34: 5일차 교육시간 | C34: =COUNTA(G120:G128) -> 0
A35: {{topic_day_1}} | B35: 1일차 교육내용
A36: {{topic_day_2}} | B36: 2일차 교육내용
A37: {{topic_day_3}} | B37: 3일차 교육내용
A38: {{topic_day_4}} | B38: 4일차 교육내용
A39: {{topic_day_5}} | B39: 5일차 교육내용
D43: 능력단위코드 | E43: 능력단위 명 | F43: 훈련시간 | G43: 능력단위요소 코드 | H43: 능력단위요소 명 | I43: 훈련시간
C44: =IFERROR(G44,"") -> 2001010211_16v3.1 | D44: =VLOOKUP(J44,통합!$A$2:$I$43,6,FALSE) -> 4 | E44: =VLOOKUP(J44,통합!$A$2:$I$43,8,FALSE) -> 01 | F44: =IF(COUNTIF($D$79:$D$128,D44)=0,"",COUNTIF($D$79:$D$128,D44)) -> 1 | G44: 2001010211_16v3.1 | H44: 하드웨어 분석하기 | I44: =IF(COUNTIF($G$79:$G$128,G44)=0,"",COUNTIF($G$79:$G$128,G44)) -> 1 | J44: 09.의료장비제조 > 01.의료기기품질관리> 의료기기 품질문서 개발
C45: =IFERROR(G45,"") -> 0 | F45: =IF(COUNTIF($D$79:$D$128,D45)=0,"",COUNTIF($D$79:$D$128,D45)) | I45: =IF(COUNTIF($G$79:$G$128,G45)=0,"",COUNTIF($G$79:$G$128,G45))
C46: =IFERROR(G46,"") -> 0 | F46: =IF(COUNTIF($D$79:$D$128,D46)=0,"",COUNTIF($D$79:$D$128,D46)) | I46: =IF(COUNTIF($G$79:$G$128,G46)=0,"",COUNTIF($G$79:$G$128,G46))
C47: =IFERROR(G47,"") -> 0 | F47: =IF(COUNTIF($D$79:$D$128,D47)=0,"",COUNTIF($D$79:$D$128,D47)) | I47: =IF(COUNTIF($G$79:$G$128,G47)=0,"",COUNTIF($G$79:$G$128,G47))
C48: =IFERROR(G48,"") -> 0 | F48: =IF(COUNTIF($D$79:$D$128,D48)=0,"",COUNTIF($D$79:$D$128,D48)) | I48: =IF(COUNTIF($G$79:$G$128,G48)=0,"",COUNTIF($G$79:$G$128,G48))
C49: =IFERROR(G49,"") -> 0 | F49: =IF(COUNTIF($D$79:$D$128,D49)=0,"",COUNTIF($D$79:$D$128,D49)) | I49: =IF(COUNTIF($G$79:$G$128,G49)=0,"",COUNTIF($G$79:$G$128,G49))
C50: =IFERROR(G50,"") -> 0 | F50: =IF(COUNTIF($D$79:$D$128,D50)=0,"",COUNTIF($D$79:$D$128,D50)) | I50: =IF(COUNTIF($G$79:$G$128,G50)=0,"",COUNTIF($G$79:$G$128,G50))
C51: =IFERROR(G51,"") -> 0 | F51: =IF(COUNTIF($D$79:$D$128,D51)=0,"",COUNTIF($D$79:$D$128,D51)) | I51: =IF(COUNTIF($G$79:$G$128,G51)=0,"",COUNTIF($G$79:$G$128,G51))
C52: =IFERROR(G52,"") -> 0 | F52: =IF(COUNTIF($D$79:$D$128,D52)=0,"",COUNTIF($D$79:$D$128,D52)) | I52: =IF(COUNTIF($G$79:$G$128,G52)=0,"",COUNTIF($G$79:$G$128,G52))
C53: =IFERROR(G53,"") -> 0 | F53: =IF(COUNTIF($D$79:$D$128,D53)=0,"",COUNTIF($D$79:$D$128,D53)) | I53: =IF(COUNTIF($G$79:$G$128,G53)=0,"",COUNTIF($G$79:$G$128,G53))
C54: =IFERROR(G54,"") -> 0 | F54: =IF(COUNTIF($D$79:$D$128,D54)=0,"",COUNTIF($D$79:$D$128,D54)) | I54: =IF(COUNTIF($G$79:$G$128,G54)=0,"",COUNTIF($G$79:$G$128,G54))
C55: =IFERROR(G55,"") -> 0 | F55: =IF(COUNTIF($D$79:$D$128,D55)=0,"",COUNTIF($D$79:$D$128,D55)) | I55: =IF(COUNTIF($G$79:$G$128,G55)=0,"",COUNTIF($G$79:$G$128,G55))
C56: =IFERROR(G56,"") -> 0 | F56: =IF(COUNTIF($D$79:$D$128,D56)=0,"",COUNTIF($D$79:$D$128,D56)) | I56: =IF(COUNTIF($G$79:$G$128,G56)=0,"",COUNTIF($G$79:$G$128,G56))
... C63: =IFERROR(G63,"") -> 0 | F63: =IF(COUNTIF($D$79:$D$128,D63)=0,"",COUNTIF($D$79:$D$128,D63)) | I63: =IF(COUNTIF($G$79:$G$128,G63)=0,"",COUNTIF($G$79:$G$128,G63))
C64: =IFERROR(G64,"") -> 0 | F64: =IF(COUNTIF($D$79:$D$128,D64)=0,"",COUNTIF($D$79:$D$128,D64)) | I64: =IF(COUNTIF($G$79:$G$128,#REF!)=0,"",COUNTIF($G$79:$G$128,#REF!))
C65: =IFERROR(G65,"") -> 0 | F65: =IF(COUNTIF($D$79:$D$128,D65)=0,"",COUNTIF($D$79:$D$128,D65)) | I65: =IF(COUNTIF($G$79:$G$128,G64)=0,"",COUNTIF($G$79:$G$128,G64))
C66: =IFERROR(G66,"") -> 0 | F66: =IF(COUNTIF($D$79:$D$128,D66)=0,"",COUNTIF($D$79:$D$128,D66)) | I66: =IF(COUNTIF($G$79:$G$128,G66)=0,"",COUNTIF($G$79:$G$128,G66))
C67: =IFERROR(G67,"") -> 0 | F67: =IF(COUNTIF($D$79:$D$128,D67)=0,"",COUNTIF($D$79:$D$128,D67)) | I67: =IF(COUNTIF($G$79:$G$128,G67)=0,"",COUNTIF($G$79:$G$128,G67))
C68: =IFERROR(G68,"") -> 0 | F68: =IF(COUNTIF($D$79:$D$128,D68)=0,"",COUNTIF($D$79:$D$128,D68)) | I68: =IF(COUNTIF($G$79:$G$128,G68)=0,"",COUNTIF($G$79:$G$128,G68))
C69: =IFERROR(G69,"") -> 0 | F69: =IF(COUNTIF($D$79:$D$128,D69)=0,"",COUNTIF($D$79:$D$128,D69)) | I69: =IF(COUNTIF($G$79:$G$128,G69)=0,"",COUNTIF($G$79:$G$128,G69))
C70: =IFERROR(G70,"") -> 0 | F70: =IF(COUNTIF($D$79:$D$128,D70)=0,"",COUNTIF($D$79:$D$128,D70)) | I70: =IF(COUNTIF($G$79:$G$128,G70)=0,"",COUNTIF($G$79:$G$128,G70))
C71: =IFERROR(G71,"") -> 0 | F71: =IF(COUNTIF($D$79:$D$128,D71)=0,"",COUNTIF($D$79:$D$128,D71)) | I71: =IF(COUNTIF($G$79:$G$128,G71)=0,"",COUNTIF($G$79:$G$128,G71))
C72: =IFERROR(G72,"") -> 0 | F72: =IF(COUNTIF($D$79:$D$128,D72)=0,"",COUNTIF($D$79:$D$128,D72)) | I72: =IF(COUNTIF($G$79:$G$128,G72)=0,"",COUNTIF($G$79:$G$128,G72))
C73: =IFERROR(G73,"") -> 0 | F73: =IF(COUNTIF($D$79:$D$128,D73)=0,"",COUNTIF($D$79:$D$128,D73)) | I73: =IF(COUNTIF($G$79:$G$128,G73)=0,"",COUNTIF($G$79:$G$128,G73))
C74: =IFERROR(G74,"") -> 0 | F74: =IF(COUNTIF($D$79:$D$128,D74)=0,"",COUNTIF($D$79:$D$128,D74)) | I74: =IF(COUNTIF($G$79:$G$128,G74)=0,"",COUNTIF($G$79:$G$128,G74))
C75: =IFERROR(G75,"") -> 0 | F75: =IF(COUNTIF($D$79:$D$128,D75)=0,"",COUNTIF($D$79:$D$128,D75)) | I75: =IF(COUNTIF($G$79:$G$128,G75)=0,"",COUNTIF($G$79:$G$128,G75))
C76: 훈련시간(총) | F76: =SUM(F44:F75) -> 1 | I76: =SUM(I44:I75) -> 1
B79: 1일차 | C79: 시간 | D79: 능력단위코드 | E79: 능력단위 명 | G79: 능력단위요소 코드 | H79: 능력단위요소 명 | J79: 교육내용 | K79: 1일차 교육 내용
C80: 09:00 - 09:50 | D80: =IF(VLOOKUP(G80,$C$44:$E$75,2,FALSE)="","",VLOOKUP(G80,$C$44:$E$75,2,FALSE)) -> 4 | E80: =IF(VLOOKUP(G80,$C$44:$E$75,3,FALSE)="","",VLOOKUP(G80,$C$44:$E$75,3,FALSE)) -> 01 | G80: 2001010211_16v3.1 | H80: =IFERROR(VLOOKUP(G80,$G$44:$H$75,2,FALSE),"") -> 하드웨어 분석하기 | J80: 운영체제와 서버의 기본 개념
C81: 10:00 - 10:50 | D81: =IF(VLOOKUP(G81,$C$44:$E$75,2,FALSE)="","",VLOOKUP(G81,$C$44:$E$75,2,FALSE)) | E81: =IF(VLOOKUP(G81,$C$44:$E$75,3,FALSE)="","",VLOOKUP(G81,$C$44:$E$75,3,FALSE)) | H81: =IFERROR(VLOOKUP(G81,$G$44:$H$75,2,FALSE),"")
C82: 11:00 - 11:50 | D82: =IF(VLOOKUP(G82,$C$44:$E$75,2,FALSE)="","",VLOOKUP(G82,$C$44:$E$75,2,FALSE)) | E82: =IF(VLOOKUP(G82,$C$44:$E$75,3,FALSE)="","",VLOOKUP(G82,$C$44:$E$75,3,FALSE)) | H82: =IFERROR(VLOOKUP(G82,$G$44:$H$75,2,FALSE),"")
C83: 12:00 - 12:50 (점심)
C84: 13:00 - 13:50 | D84: =IF(VLOOKUP(G84,$C$44:$E$75,2,FALSE)="","",VLOOKUP(G84,$C$44:$E$75,2,FALSE)) | E84: =IF(VLOOKUP(G84,$C$44:$E$75,3,FALSE)="","",VLOOKUP(G84,$C$44:$E$75,3,FALSE)) | H84: =IFERROR(VLOOKUP(G84,$G$44:$H$75,2,FALSE),"")
C85: 14:00 - 14:50 | D85: =IF(VLOOKUP(G85,$C$44:$E$75,2,FALSE)="","",VLOOKUP(G85,$C$44:$E$75,2,FALSE)) | E85: =IF(VLOOKUP(G85,$C$44:$E$75,3,FALSE)="","",VLOOKUP(G85,$C$44:$E$75,3,FALSE)) | H85: =IFERROR(VLOOKUP(G85,$G$44:$H$75,2,FALSE),"")
C86: 15:00 - 15:50 | D86: =IF(VLOOKUP(G86,$C$44:$E$75,2,FALSE)="","",VLOOKUP(G86,$C$44:$E$75,2,FALSE)) | E86: =IF(VLOOKUP(G86,$C$44:$E$75,3,FALSE)="","",VLOOKUP(G86,$C$44:$E$75,3,FALSE)) | H86: =IFERROR(VLOOKUP(G86,$G$44:$H$75,2,FALSE),"")
C87: 16:00 - 16:50 | D87: =IF(VLOOKUP(G87,$C$44:$E$75,2,FALSE)="","",VLOOKUP(G87,$C$44:$E$75,2,FALSE)) | E87: =IF(VLOOKUP(G87,$C$44:$E$75,3,FALSE)="","",VLOOKUP(G87,$C$44:$E$75,3,FALSE)) | H87: =IFERROR(VLOOKUP(G87,$G$44:$H$75,2,FALSE),"")
C88: 17:00 - 17:50 | D88: =IF(VLOOKUP(G88,$C$44:$E$75,2,FALSE)="","",VLOOKUP(G88,$C$44:$E$75,2,FALSE)) | E88: =IF(VLOOKUP(G88,$C$44:$E$75,3,FALSE)="","",VLOOKUP(G88,$C$44:$E$75,3,FALSE)) | H88: =IFERROR(VLOOKUP(G88,$G$44:$H$75,2,FALSE),"")
B89: 2일차 | C89: 시간 | D89: 능력단위코드 | E89: 능력단위 명 | G89: 능력단위요소 코드 | H89: 능력단위요소 명 | J89: 교육내용 | K89: 2일차 교육 내용
C90: 09:00 - 09:50 | D90: =IF(VLOOKUP(G90,$C$44:$E$75,2,FALSE)="","",VLOOKUP(G90,$C$44:$E$75,2,FALSE)) | E90: =IF(VLOOKUP(G90,$C$44:$E$75,3,FALSE)="","",VLOOKUP(G90,$C$44:$E$75,3,FALSE)) | H90: =IFERROR(VLOOKUP(G90,$G$44:$H$75,2,FALSE),"")
C91: 10:00 - 10:50 | D91: =IF(VLOOKUP(G91,$C$44:$E$75,2,FALSE)="","",VLOOKUP(G91,$C$44:$E$75,2,FALSE)) | E91: =IF(VLOOKUP(G91,$C$44:$E$75,3,FALSE)="","",VLOOKUP(G91,$C$44:$E$75,3,FALSE)) | H91: =IFERROR(VLOOKUP(G91,$G$44:$H$75,2,FALSE),"")
C92: 11:00 - 11:50 | D92: =IF(VLOOKUP(G92,$C$44:$E$75,2,FALSE)="","",VLOOKUP(G92,$C$44:$E$75,2,FALSE)) | E92: =IF(VLOOKUP(G92,$C$44:$E$75,3,FALSE)="","",VLOOKUP(G92,$C$44:$E$75,3,FALSE)) | H92: =IFERROR(VLOOKUP(G92,$G$44:$H$75,2,FALSE),"")
C93: 12:00 - 12:50 (점심)
C94: 13:00 - 13:50 | D94: =IF(VLOOKUP(G94,$C$44:$E$75,2,FALSE)="","",VLOOKUP(G94,$C$44:$E$75,2,FALSE)) | E94: =IF(VLOOKUP(G94,$C$44:$E$75,3,FALSE)="","",VLOOKUP(G94,$C$44:$E$75,3,FALSE)) | H94: =IFERROR(VLOOKUP(G94,$G$44:$H$75,2,FALSE),"")
C95: 14:00 - 14:50 | D95: =IF(VLOOKUP(G95,$C$44:$E$75,2,FALSE)="","",VLOOKUP(G95,$C$44:$E$75,2,FALSE)) | E95: =IF(VLOOKUP(G95,$C$44:$E$75,3,FALSE)="","",VLOOKUP(G95,$C$44:$E$75,3,FALSE)) | H95: =IFERROR(VLOOKUP(G95,$G$44:$H$75,2,FALSE),"")
C96: 15:00 - 15:50 | D96: =IF(VLOOKUP(G96,$C$44:$E$75,2,FALSE)="","",VLOOKUP(G96,$C$44:$E$75,2,FALSE)) | E96: =IF(VLOOKUP(G96,$C$44:$E$75,3,FALSE)="","",VLOOKUP(G96,$C$44:$E$75,3,FALSE)) | H96: =IFERROR(VLOOKUP(G96,$G$44:$H$75,2,FALSE),"")
C97: 16:00 - 16:50 | D97: =IF(VLOOKUP(G97,$C$44:$E$75,2,FALSE)="","",VLOOKUP(G97,$C$44:$E$75,2,FALSE)) | E97: =IF(VLOOKUP(G97,$C$44:$E$75,3,FALSE)="","",VLOOKUP(G97,$C$44:$E$75,3,FALSE)) | H97: =IFERROR(VLOOKUP(G97,$G$44:$H$75,2,FALSE),"")
C98: 17:00 - 17:50 | D98: =IF(VLOOKUP(G98,$C$44:$E$75,2,FALSE)="","",VLOOKUP(G98,$C$44:$E$75,2,FALSE)) | E98: =IF(VLOOKUP(G98,$C$44:$E$75,3,FALSE)="","",VLOOKUP(G98,$C$44:$E$75,3,FALSE)) | H98: =IFERROR(VLOOKUP(G98,$G$44:$H$75,2,FALSE),"")
B99: 3일차 | C99: 시간 | D99: 능력단위코드 | E99: 능력단위 명 | G99: 능력단위요소 코드 | H99: 능력단위요소 명 | J99: 교육내용 | K99: 3일차 교육 내용
C100: 09:00 - 09:50 | D100: =IF(VLOOKUP(G100,$C$44:$E$75,2,FALSE)="","",VLOOKUP(G100,$C$44:$E$75,2,FALSE)) | E100: =IF(VLOOKUP(G100,$C$44:$E$75,3,FALSE)="","",VLOOKUP(G100,$C$44:$E$75,3,FALSE)) | H100: =IFERROR(VLOOKUP(G100,$G$44:$H$75,2,FALSE),"")
C101: 10:00 - 10:50 | D101: =IF(VLOOKUP(G101,$C$44:$E$75,2,FALSE)="","",VLOOKUP(G101,$C$44:$E$75,2,FALSE)) | E101: =IF(VLOOKUP(G101,$C$44:$E$75,3,FALSE)="","",VLOOKUP(G101,$C$44:$E$75,3,FALSE)) | H101: =IFERROR(VLOOKUP(G101,$G$44:$H$75,2,FALSE),"")
C102: 11:00 - 11:50 | D102: =IF(VLOOKUP(G102,$C$44:$E$75,2,FALSE)="","",VLOOKUP(G102,$C$44:$E$75,2,FALSE)) | E102: =IF(VLOOKUP(G102,$C$44:$E$75,3,FALSE)="","",VLOOKUP(G102,$C$44:$E$75,3,FALSE)) | H102: =IFERROR(VLOOKUP(G102,$G$44:$H$75,2,FALSE),"")
C103: 12:00 - 12:50 (점심)
C104: 13:00 - 13:50 | D104: =IF(VLOOKUP(G104,$C$44:$E$75,2,FALSE)="","",VLOOKUP(G104,$C$44:$E$75,2,FALSE)) | E104: =IF(VLOOKUP(G104,$C$44:$E$75,3,FALSE)="","",VLOOKUP(G104,$C$44:$E$75,3,FALSE)) | H104: =IFERROR(VLOOKUP(G104,$G$44:$H$75,2,FALSE),"")
C105: 14:00 - 14:50 | D105: =IF(VLOOKUP(G105,$C$44:$E$75,2,FALSE)="","",VLOOKUP(G105,$C$44:$E$75,2,FALSE)) | E105: =IF(VLOOKUP(G105,$C$44:$E$75,3,FALSE)="","",VLOOKUP(G105,$C$44:$E$75,3,FALSE)) | H105: =IFERROR(VLOOKUP(G105,$G$44:$H$75,2,FALSE),"")
C106: 15:00 - 15:50 | D106: =IF(VLOOKUP(G106,$C$44:$E$75,2,FALSE)="","",VLOOKUP(G106,$C$44:$E$75,2,FALSE)) | E106: =IF(VLOOKUP(G106,$C$44:$E$75,3,FALSE)="","",VLOOKUP(G106,$C$44:$E$75,3,FALSE)) | H106: =IFERROR(VLOOKUP(G106,$G$44:$H$75,2,FALSE),"")
C107: 16:00 - 16:50 | D107: =IF(VLOOKUP(G107,$C$44:$E$75,2,FALSE)="","",VLOOKUP(G107,$C$44:$E$75,2,FALSE)) | E107: =IF(VLOOKUP(G107,$C$44:$E$75,3,FALSE)="","",VLOOKUP(G107,$C$44:$E$75,3,FALSE)) | H107: =IFERROR(VLOOKUP(G107,$G$44:$H$75,2,FALSE),"")
C108: 17:00 - 17:50 | D108: =IF(VLOOKUP(G108,$C$44:$E$75,2,FALSE)="","",VLOOKUP(G108,$C$44:$E$75,2,FALSE)) | E108: =IF(VLOOKUP(G108,$C$44:$E$75,3,FALSE)="","",VLOOKUP(G108,$C$44:$E$75,3,FALSE)) | H108: =IFERROR(VLOOKUP(G108,$G$44:$H$75,2,FALSE),"")
B109: 4일차 | C109: 시간 | D109: 능력단위코드 | E109: 능력단위 명 | G109: 능력단위요소 코드 | H109: 능력단위요소 명 | J109: 교육내용 | K109: 4일차 교육 내용
C110: 09:00 - 09:50 | D110: =IF(VLOOKUP(G110,$C$44:$E$75,2,FALSE)="","",VLOOKUP(G110,$C$44:$E$75,2,FALSE)) | E110: =IF(VLOOKUP(G110,$C$44:$E$75,3,FALSE)="","",VLOOKUP(G110,$C$44:$E$75,3,FALSE)) | H110: =IFERROR(VLOOKUP(G110,$G$44:$H$75,2,FALSE),"")
C111: 10:00 - 10:50 | D111: =IF(VLOOKUP(G111,$C$44:$E$75,2,FALSE)="","",VLOOKUP(G111,$C$44:$E$75,2,FALSE)) | E111: =IF(VLOOKUP(G111,$C$44:$E$75,3,FALSE)="","",VLOOKUP(G111,$C$44:$E$75,3,FALSE)) | H111: =IFERROR(VLOOKUP(G111,$G$44:$H$75,2,FALSE),"")
...

Sheet 탬플릿
B1: 훈련과정명 | J1: 기획자와 컨설턴트를 위한 AI개발의 이해
B2: 훈련대상자 | J2: 기획자, 컨설턴트, 디자이너 등 개발과 AI에 이해가 필요한 직무
B3: 훈련수준 | J3: L5
B4: 훈련목표 | J4: IT 기본 지식을 습득하고 개발자와 원활히 소통하며, 컨설팅 업무에 필요한 IT 전문 지식과 생성형 AI에 대한 이해를 높여 실무에 바로 적용할 수 있는 역량을 키우는 것을 목표로 함
B5: 지도목표 | J5: IT 기본 개념을 명확히 이해하고, 실습을 통해 능력을 키워 최신 AI 기술을 활용한 실무 문제 해결 능력을 갖추어 업무의 효율성을 높입니다.
B6: 세부 지도목표 | J6: * 운영체제, 서버, 클라우드 인프라의 기본 개념 설명 * 데이터베이스의 기초 지식과 데이터 관리 방법 이해 * 생성형 AI와 LLM의 원리 및 적용 사례 소개 * IT 용어와 개념을 쉽게 설명하고 실제 사례를 통해 이해 증진
B7: 지도내용 | J7: [IT 기본 개념] 운영체제와 서버의 기본 개념 클라우드 인프라의 이해
J8: [데이터베이스와 개발 기초] 데이터베이스 기초 개념 개발 관련 기초 지식 및 용어
J9: [생성형 AI와 LLM] 생성형 AI의 개념과 원리 LLM의 동작 원리 및 실제 사례
B10: 교수학습방법 | J10: 강의: 슬라이드 및 영상 자료를 활용하여 시각적 이해를 돕고, 사례 중심으로 설명 실습: 간단한 클라우드 설정 및 데이터베이스 생성 실습 토론: 실제 사례에 기반한 토론을 통해 실무 적용 능력 배양 Q&A: 실시간 질문을 통해 이해도 점검 및 피드백 제공
B11: 평가방법 | J11: 간단한 Q&A 세션을 통해 이해도 확인 실습 결과물 발표 및 피드백
B12: 훈련교재 | J12: 자체교재
D15: 능력단위코드 | E15: 능력단위 명 | F15: 훈련시간 | G15: 능력단위요소 코드 | H15: 능력단위요소 명 | I15: 훈련시간
C16: =IFERROR(G16,"") -> 2001010211_16v3.1 | D16: 2001010211_19v4 | E16: 정보시스템인프라분석 | F16: =IF(COUNTIF($D$49:$D$98,D16)=0,"",COUNTIF($D$49:$D$98,D16)) -> 1 | G16: 2001010211_16v3.1 | H16: 하드웨어 분석하기 | I16: =IF(COUNTIF($G$49:$G$98,G16)=0,"",COUNTIF($G$49:$G$98,G16)) -> 1
C17: =IFERROR(G17,"") -> 0 | F17: =IF(COUNTIF($D$49:$D$98,D17)=0,"",COUNTIF($D$49:$D$98,D17)) | I17: =IF(COUNTIF($G$49:$G$98,G17)=0,"",COUNTIF($G$49:$G$98,G17))
C18: =IFERROR(G18,"") -> 0 | F18: =IF(COUNTIF($D$49:$D$98,D18)=0,"",COUNTIF($D$49:$D$98,D18)) | I18: =IF(COUNTIF($G$49:$G$98,G18)=0,"",COUNTIF($G$49:$G$98,G18))
C19: =IFERROR(G19,"") -> 0 | F19: =IF(COUNTIF($D$49:$D$98,D19)=0,"",COUNTIF($D$49:$D$98,D19)) | I19: =IF(COUNTIF($G$49:$G$98,G19)=0,"",COUNTIF($G$49:$G$98,G19))
C20: =IFERROR(G20,"") -> 0 | F20: =IF(COUNTIF($D$49:$D$98,D20)=0,"",COUNTIF($D$49:$D$98,D20)) | I20: =IF(COUNTIF($G$49:$G$98,G20)=0,"",COUNTIF($G$49:$G$98,G20))
C21: =IFERROR(G21,"") -> 0 | F21: =IF(COUNTIF($D$49:$D$98,D21)=0,"",COUNTIF($D$49:$D$98,D21)) | I21: =IF(COUNTIF($G$49:$G$98,G21)=0,"",COUNTIF($G$49:$G$98,G21))
C22: =IFERROR(G22,"") -> 0 | F22: =IF(COUNTIF($D$49:$D$98,D22)=0,"",COUNTIF($D$49:$D$98,D22)) | I22: =IF(COUNTIF($G$49:$G$98,G22)=0,"",COUNTIF($G$49:$G$98,G22))
C23: =IFERROR(G23,"") -> 0 | F23: =IF(COUNTIF($D$49:$D$98,D23)=0,"",COUNTIF($D$49:$D$98,D23)) | I23: =IF(COUNTIF($G$49:$G$98,G23)=0,"",COUNTIF($G$49:$G$98,G23))
C24: =IFERROR(G24,"") -> 0 | F24: =IF(COUNTIF($D$49:$D$98,D24)=0,"",COUNTIF($D$49:$D$98,D24)) | I24: =IF(COUNTIF($G$49:$G$98,G24)=0,"",COUNTIF($G$49:$G$98,G24))
C25: =IFERROR(G25,"") -> 0 | F25: =IF(COUNTIF($D$49:$D$98,D25)=0,"",COUNTIF($D$49:$D$98,D25)) | I25: =IF(COUNTIF($G$49:$G$98,G25)=0,"",COUNTIF($G$49:$G$98,G25))
C26: =IFERROR(G26,"") -> 0 | F26: =IF(COUNTIF($D$49:$D$98,D26)=0,"",COUNTIF($D$49:$D$98,D26)) | I26: =IF(COUNTIF($G$49:$G$98,G26)=0,"",COUNTIF($G$49:$G$98,G26))
C27: =IFERROR(G27,"") -> 0 | F27: =IF(COUNTIF($D$49:$D$98,D27)=0,"",COUNTIF($D$49:$D$98,D27)) | I27: =IF(COUNTIF($G$49:$G$98,G27)=0,"",COUNTIF($G$49:$G$98,G27))
C28: =IFERROR(G28,"") -> 0 | F28: =IF(COUNTIF($D$49:$D$98,D28)=0,"",COUNTIF($D$49:$D$98,D28)) | I28: =IF(COUNTIF($G$49:$G$98,G28)=0,"",COUNTIF($G$49:$G$98,G28))
... C35: =IFERROR(G35,"") -> 0 | F35: =IF(COUNTIF($D$49:$D$98,D35)=0,"",COUNTIF($D$49:$D$98,D35)) | I35: =IF(COUNTIF($G$49:$G$98,G35)=0,"",COUNTIF($G$49:$G$98,G35))
C36: =IFERROR(G36,"") -> 0 | F36: =IF(COUNTIF($D$49:$D$98,D36)=0,"",COUNTIF($D$49:$D$98,D36)) | I36: =IF(COUNTIF($G$49:$G$98,#REF!)=0,"",COUNTIF($G$49:$G$98,#REF!))
C37: =IFERROR(G37,"") -> 0 | F37: =IF(COUNTIF($D$49:$D$98,D37)=0,"",COUNTIF($D$49:$D$98,D37)) | I37: =IF(COUNTIF($G$49:$G$98,G36)=0,"",COUNTIF($G$49:$G$98,G36))
C38: =IFERROR(G38,"") -> 0 | F38: =IF(COUNTIF($D$49:$D$98,D38)=0,"",COUNTIF($D$49:$D$98,D38)) | I38: =IF(COUNTIF($G$49:$G$98,G38)=0,"",COUNTIF($G$49:$G$98,G38))
C39: =IFERROR(G39,"") -> 0 | F39: =IF(COUNTIF($D$49:$D$98,D39)=0,"",COUNTIF($D$49:$D$98,D39)) | I39: =IF(COUNTIF($G$49:$G$98,G39)=0,"",COUNTIF($G$49:$G$98,G39))
C40: =IFERROR(G40,"") -> 0 | F40: =IF(COUNTIF($D$49:$D$98,D40)=0,"",COUNTIF($D$49:$D$98,D40)) | I40: =IF(COUNTIF($G$49:$G$98,G40)=0,"",COUNTIF($G$49:$G$98,G40))
C41: =IFERROR(G41,"") -> 0 | F41: =IF(COUNTIF($D$49:$D$98,D41)=0,"",COUNTIF($D$49:$D$98,D41)) | I41: =IF(COUNTIF($G$49:$G$98,G41)=0,"",COUNTIF($G$49:$G$98,G41))
C42: =IFERROR(G42,"") -> 0 | F42: =IF(COUNTIF($D$49:$D$98,D42)=0,"",COUNTIF($D$49:$D$98,D42)) | I42: =IF(COUNTIF($G$49:$G$98,G42)=0,"",COUNTIF($G$49:$G$98,G42))
C43: =IFERROR(G43,"") -> 0 | F43: =IF(COUNTIF($D$49:$D$98,D43)=0,"",COUNTIF($D$49:$D$98,D43)) | I43: =IF(COUNTIF($G$49:$G$98,G43)=0,"",COUNTIF($G$49:$G$98,G43))
C44: =IFERROR(G44,"") -> 0 | F44: =IF(COUNTIF($D$49:$D$98,D44)=0,"",COUNTIF($D$49:$D$98,D44)) | I44: =IF(COUNTIF($G$49:$G$98,G44)=0,"",COUNTIF($G$49:$G$98,G44))
C45: =IFERROR(G45,"") -> 0 | F45: =IF(COUNTIF($D$49:$D$98,D45)=0,"",COUNTIF($D$49:$D$98,D45)) | I45: =IF(COUNTIF($G$49:$G$98,G45)=0,"",COUNTIF($G$49:$G$98,G45))
C46: =IFERROR(G46,"") -> 0 | F46: =IF(COUNTIF($D$49:$D$98,D46)=0,"",COUNTIF($D$49:$D$98,D46)) | I46: =IF(COUNTIF($G$49:$G$98,G46)=0,"",COUNTIF($G$49:$G$98,G46))
C47: =IFERROR(G47,"") -> 0 | F47: =IF(COUNTIF($D$49:$D$98,D47)=0,"",COUNTIF($D$49:$D$98,D47)) | I47: =IF(COUNTIF($G$49:$G$98,G47)=0,"",COUNTIF($G$49:$G$98,G47))
B49: 1일차 | C49: 시간 | D49: 능력단위코드 | E49: 능력단위 명 | G49: 능력단위요소 코드 | H49: 능력단위요소 명 | J49: 교육내용 | K49: 1일차 교육 내용
C50: 09:00 - 09:50 | D50: =IF(VLOOKUP(G50,$C$16:$E$47,2,FALSE)="","",VLOOKUP(G50,$C$16:$E$47,2,FALSE)) -> 2001010211_19v4 | E50: =IF(VLOOKUP(G50,$C$16:$E$47,3,FALSE)="","",VLOOKUP(G50,$C$16:$E$47,3,FALSE)) -> 정보시스템인프라분석 | G50: 2001010211_16v3.1 | H50: =IFERROR(VLOOKUP(G50,$G$16:$H$47,2,FALSE),"") -> 하드웨어 분석하기 | J50: 운영체제와 서버의 기본 개념 | K50: [인프라 관련 지식] 운영체제와 서버의 기본 개념 하드웨어 인프라 아키텍처의 분석과 이해 정보보호와 보안 기술의 이해 [개발 관련 지식] 개발 관련 기초 지식 데이터베이스 기초 지식 생성형 AI의 개념과 LLM의 동작 원리 [실무 관련 지식] AI 및 IT 기술의 프로젝트 적용 사례 개발자와의 원활한 커뮤니케이션 방법 및 Q&A
C51: 10:00 - 10:50 | D51: =IF(VLOOKUP(G51,$C$16:$E$47,2,FALSE)="","",VLOOKUP(G51,$C$16:$E$47,2,FALSE)) | E51: =IF(VLOOKUP(G51,$C$16:$E$47,3,FALSE)="","",VLOOKUP(G51,$C$16:$E$47,3,FALSE)) | H51: =IFERROR(VLOOKUP(G51,$G$16:$H$47,2,FALSE),"")
C52: 11:00 - 11:50 | D52: =IF(VLOOKUP(G52,$C$16:$E$47,2,FALSE)="","",VLOOKUP(G52,$C$16:$E$47,2,FALSE)) | E52: =IF(VLOOKUP(G52,$C$16:$E$47,3,FALSE)="","",VLOOKUP(G52,$C$16:$E$47,3,FALSE)) | H52: =IFERROR(VLOOKUP(G52,$G$16:$H$47,2,FALSE),"")
C53: 12:00 - 12:50 (점심)
C54: 13:00 - 13:50 | D54: =IF(VLOOKUP(G54,$C$16:$E$47,2,FALSE)="","",VLOOKUP(G54,$C$16:$E$47,2,FALSE)) | E54: =IF(VLOOKUP(G54,$C$16:$E$47,3,FALSE)="","",VLOOKUP(G54,$C$16:$E$47,3,FALSE)) | H54: =IFERROR(VLOOKUP(G54,$G$16:$H$47,2,FALSE),"")
C55: 14:00 - 14:50 | D55: =IF(VLOOKUP(G55,$C$16:$E$47,2,FALSE)="","",VLOOKUP(G55,$C$16:$E$47,2,FALSE)) | E55: =IF(VLOOKUP(G55,$C$16:$E$47,3,FALSE)="","",VLOOKUP(G55,$C$16:$E$47,3,FALSE)) | H55: =IFERROR(VLOOKUP(G55,$G$16:$H$47,2,FALSE),"")
C56: 15:00 - 15:50 | D56: =IF(VLOOKUP(G56,$C$16:$E$47,2,FALSE)="","",VLOOKUP(G56,$C$16:$E$47,2,FALSE)) | E56: =IF(VLOOKUP(G56,$C$16:$E$47,3,FALSE)="","",VLOOKUP(G56,$C$16:$E$47,3,FALSE)) | H56: =IFERROR(VLOOKUP(G56,$G$16:$H$47,2,FALSE),"")
C57: 16:00 - 16:50 | D57: =IF(VLOOKUP(G57,$C$16:$E$47,2,FALSE)="","",VLOOKUP(G57,$C$16:$E$47,2,FALSE)) | E57: =IF(VLOOKUP(G57,$C$16:$E$47,3,FALSE)="","",VLOOKUP(G57,$C$16:$E$47,3,FALSE)) | H57: =IFERROR(VLOOKUP(G57,$G$16:$H$47,2,FALSE),"")
C58: 17:00 - 17:50 | D58: =IF(VLOOKUP(G58,$C$16:$E$47,2,FALSE)="","",VLOOKUP(G58,$C$16:$E$47,2,FALSE)) | E58: =IF(VLOOKUP(G58,$C$16:$E$47,3,FALSE)="","",VLOOKUP(G58,$C$16:$E$47,3,FALSE)) | H58: =IFERROR(VLOOKUP(G58,$G$16:$H$47,2,FALSE),"")
B59: 2일차 | C59: 시간 | D59: 능력단위코드 | E59: 능력단위 명 | G59: 능력단위요소 코드 | H59: 능력단위요소 명 | J59: 교육내용 | K59: 2일차 교육 내용
C60: 09:00 - 09:50 | D60: =IF(VLOOKUP(G60,$C$16:$E$47,2,FALSE)="","",VLOOKUP(G60,$C$16:$E$47,2,FALSE)) | E60: =IF(VLOOKUP(G60,$C$16:$E$47,3,FALSE)="","",VLOOKUP(G60,$C$16:$E$47,3,FALSE)) | H60: =IFERROR(VLOOKUP(G60,$G$16:$H$47,2,FALSE),"")
C61: 10:00 - 10:50 | D61: =IF(VLOOKUP(G61,$C$16:$E$47,2,FALSE)="","",VLOOKUP(G61,$C$16:$E$47,2,FALSE)) | E61: =IF(VLOOKUP(G61,$C$16:$E$47,3,FALSE)="","",VLOOKUP(G61,$C$16:$E$47,3,FALSE)) | H61: =IFERROR(VLOOKUP(G61,$G$16:$H$47,2,FALSE),"")
C62: 11:00 - 11:50 | D62: =IF(VLOOKUP(G62,$C$16:$E$47,2,FALSE)="","",VLOOKUP(G62,$C$16:$E$47,2,FALSE)) | E62: =IF(VLOOKUP(G62,$C$16:$E$47,3,FALSE)="","",VLOOKUP(G62,$C$16:$E$47,3,FALSE)) | H62: =IFERROR(VLOOKUP(G62,$G$16:$H$47,2,FALSE),"")
C63: 12:00 - 12:50 (점심)
C64: 13:00 - 13:50 | D64: =IF(VLOOKUP(G64,$C$16:$E$47,2,FALSE)="","",VLOOKUP(G64,$C$16:$E$47,2,FALSE)) | E64: =IF(VLOOKUP(G64,$C$16:$E$47,3,FALSE)="","",VLOOKUP(G64,$C$16:$E$47,3,FALSE)) | H64: =IFERROR(VLOOKUP(G64,$G$16:$H$47,2,FALSE),"")
C65: 14:00 - 14:50 | D65: =IF(VLOOKUP(G65,$C$16:$E$47,2,FALSE)="","",VLOOKUP(G65,$C$16:$E$47,2,FALSE)) | E65: =IF(VLOOKUP(G65,$C$16:$E$47,3,FALSE)="","",VLOOKUP(G65,$C$16:$E$47,3,FALSE)) | H65: =IFERROR(VLOOKUP(G65,$G$16:$H$47,2,FALSE),"")
C66: 15:00 - 15:50 | D66: =IF(VLOOKUP(G66,$C$16:$E$47,2,FALSE)="","",VLOOKUP(G66,$C$16:$E$47,2,FALSE)) | E66: =IF(VLOOKUP(G66,$C$16:$E$47,3,FALSE)="","",VLOOKUP(G66,$C$16:$E$47,3,FALSE)) | H66: =IFERROR(VLOOKUP(G66,$G$16:$H$47,2,FALSE),"")
C67: 16:00 - 16:50 | D67: =IF(VLOOKUP(G67,$C$16:$E$47,2,FALSE)="","",VLOOKUP(G67,$C$16:$E$47,2,FALSE)) | E67: =IF(VLOOKUP(G67,$C$16:$E$47,3,FALSE)="","",VLOOKUP(G67,$C$16:$E$47,3,FALSE)) | H67: =IFERROR(VLOOKUP(G67,$G$16:$H$47,2,FALSE),"")
C68: 17:00 - 17:50 | D68: =IF(VLOOKUP(G68,$C$16:$E$47,2,FALSE)="","",VLOOKUP(G68,$C$16:$E$47,2,FALSE)) | E68: =IF(VLOOKUP(G68,$C$16:$E$47,3,FALSE)="","",VLOOKUP(G68,$C$16:$E$47,3,FALSE)) | H68: =IFERROR(VLOOKUP(G68,$G$16:$H$47,2,FALSE),"")
B69: 3일차 | C69: 시간 | D69: 능력단위코드 | E69: 능력단위 명 | G69: 능력단위요소 코드 | H69: 능력단위요소 명 | J69: 교육내용 | K69: 3일차 교육 내용
C70: 09:00 - 09:50 | D70: =IF(VLOOKUP(G70,$C$16:$E$47,2,FALSE)="","",VLOOKUP(G70,$C$16:$E$47,2,FALSE)) | E70: =IF(VLOOKUP(G70,$C$16:$E$47,3,FALSE)="","",VLOOKUP(G70,$C$16:$E$47,3,FALSE)) | H70: =IFERROR(VLOOKUP(G70,$G$16:$H$47,2,FALSE),"")
C71: 10:00 - 10:50 | D71: =IF(VLOOKUP(G71,$C$16:$E$47,2,FALSE)="","",VLOOKUP(G71,$C$16:$E$47,2,FALSE)) | E71: =IF(VLOOKUP(G71,$C$16:$E$47,3,FALSE)="","",VLOOKUP(G71,$C$16:$E$47,3,FALSE)) | H71: =IFERROR(VLOOKUP(G71,$G$16:$H$47,2,FALSE),"")
C72: 11:00 - 11:50 | D72: =IF(VLOOKUP(G72,$C$16:$E$47,2,FALSE)="","",VLOOKUP(G72,$C$16:$E$47,2,FALSE)) | E72: =IF(VLOOKUP(G72,$C$16:$E$47,3,FALSE)="","",VLOOKUP(G72,$C$16:$E$47,3,FALSE)) | H72: =IFERROR(VLOOKUP(G72,$G$16:$H$47,2,FALSE),"")
C73: 12:00 - 12:50 (점심)
C74: 13:00 - 13:50 | D74: =IF(VLOOKUP(G74,$C$16:$E$47,2,FALSE)="","",VLOOKUP(G74,$C$16:$E$47,2,FALSE)) | E74: =IF(VLOOKUP(G74,$C$16:$E$47,3,FALSE)="","",VLOOKUP(G74,$C$16:$E$47,3,FALSE)) | H74: =IFERROR(VLOOKUP(G74,$G$16:$H$47,2,FALSE),"")
C75: 14:00 - 14:50 | D75: =IF(VLOOKUP(G75,$C$16:$E$47,2,FALSE)="","",VLOOKUP(G75,$C$16:$E$47,2,FALSE)) | E75: =IF(VLOOKUP(G75,$C$16:$E$47,3,FALSE)="","",VLOOKUP(G75,$C$16:$E$47,3,FALSE)) | H75: =IFERROR(VLOOKUP(G75,$G$16:$H$47,2,FALSE),"")
C76: 15:00 - 15:50 | D76: =IF(VLOOKUP(G76,$C$16:$E$47,2,FALSE)="","",VLOOKUP(G76,$C$16:$E$47,2,FALSE)) | E76: =IF(VLOOKUP(G76,$C$16:$E$47,3,FALSE)="","",VLOOKUP(G76,$C$16:$E$47,3,FALSE)) | H76: =IFERROR(VLOOKUP(G76,$G$16:$H$47,2,FALSE),"")
C77: 16:00 - 16:50 | D77: =IF(VLOOKUP(G77,$C$16:$E$47,2,FALSE)="","",VLOOKUP(G77,$C$16:$E$47,2,FALSE)) | E77: =IF(VLOOKUP(G77,$C$16:$E$47,3,FALSE)="","",VLOOKUP(G77,$C$16:$E$47,3,FALSE)) | H77: =IFERROR(VLOOKUP(G77,$G$16:$H$47,2,FALSE),"")
C78: 17:00 - 17:50 | D78: =IF(VLOOKUP(G78,$C$16:$E$47,2,FALSE)="","",VLOOKUP(G78,$C$16:$E$47,2,FALSE)) | E78: =IF(VLOOKUP(G78,$C$16:$E$47,3,FALSE)="","",VLOOKUP(G78,$C$16:$E$47,3,FALSE)) | H78: =IFERROR(VLOOKUP(G78,$G$16:$H$47,2,FALSE),"")
B79: 4일차 | C79: 시간 | D79: 능력단위코드 | E79: 능력단위 명 | G79: 능력단위요소 코드 | H79: 능력단위요소 명 | J79: 교육내용 | K79: 4일차 교육 내용
C80: 09:00 - 09:50 | D80: =IF(VLOOKUP(G80,$C$16:$E$47,2,FALSE)="","",VLOOKUP(G80,$C$16:$E$47,2,FALSE)) | E80: =IF(VLOOKUP(G80,$C$16:$E$47,3,FALSE)="","",VLOOKUP(G80,$C$16:$E$47,3,FALSE)) | H80: =IFERROR(VLOOKUP(G80,$G$16:$H$47,2,FALSE),"")
C81: 10:00 - 10:50 | D81: =IF(VLOOKUP(G81,$C$16:$E$47,2,FALSE)="","",VLOOKUP(G81,$C$16:$E$47,2,FALSE)) | E81: =IF(VLOOKUP(G81,$C$16:$E$47,3,FALSE)="","",VLOOKUP(G81,$C$16:$E$47,3,FALSE)) | H81: =IFERROR(VLOOKUP(G81,$G$16:$H$47,2,FALSE),"")
C82: 11:00 - 11:50 | D82: =IF(VLOOKUP(G82,$C$16:$E$47,2,FALSE)="","",VLOOKUP(G82,$C$16:$E$47,2,FALSE)) | E82: =IF(VLOOKUP(G82,$C$16:$E$47,3,FALSE)="","",VLOOKUP(G82,$C$16:$E$47,3,FALSE)) | H82: =IFERROR(VLOOKUP(G82,$G$16:$H$47,2,FALSE),"")
C83: 12:00 - 12:50 (점심)
C84: 13:00 - 13:50 | D84: =IF(VLOOKUP(G84,$C$16:$E$47,2,FALSE)="","",VLOOKUP(G84,$C$16:$E$47,2,FALSE)) | E84: =IF(VLOOKUP(G84,$C$16:$E$47,3,FALSE)="","",VLOOKUP(G84,$C$16:$E$47,3,FALSE)) | H84: =IFERROR(VLOOKUP(G84,$G$16:$H$47,2,FALSE),"")
C85: 14:00 - 14:50 | D85: =IF(VLOOKUP(G85,$C$16:$E$47,2,FALSE)="","",VLOOKUP(G85,$C$16:$E$47,2,FALSE)) | E85: =IF(VLOOKUP(G85,$C$16:$E$47,3,FALSE)="","",VLOOKUP(G85,$C$16:$E$47,3,FALSE)) | H85: =IFERROR(VLOOKUP(G85,$G$16:$H$47,2,FALSE),"")
C86: 15:00 - 15:50 | D86: =IF(VLOOKUP(G86,$C$16:$E$47,2,FALSE)="","",VLOOKUP(G86,$C$16:$E$47,2,FALSE)) | E86: =IF(VLOOKUP(G86,$C$16:$E$47,3,FALSE)="","",VLOOKUP(G86,$C$16:$E$47,3,FALSE)) | H86: =IFERROR(VLOOKUP(G86,$G$16:$H$47,2,FALSE),"")
C87: 16:00 - 16:50 | D87: =IF(VLOOKUP(G87,$C$16:$E$47,2,FALSE)="","",VLOOKUP(G87,$C$16:$E$47,2,FALSE)) | E87: =IF(VLOOKUP(G87,$C$16:$E$47,3,FALSE)="","",VLOOKUP(G87,$C$16:$E$47,3,FALSE)) | H87: =IFERROR(VLOOKUP(G87,$G$16:$H$47,2,FALSE),"")
C88: 17:00 - 17:50 | D88: =IF(VLOOKUP(G88,$C$16:$E$47,2,FALSE)="","",VLOOKUP(G88,$C$16:$E$47,2,FALSE)) | E88: =IF(VLOOKUP(G88,$C$16:$E$47,3,FALSE)="","",VLOOKUP(G88,$C$16:$E$47,3,FALSE)) | H88: =IFERROR(VLOOKUP(G88,$G$16:$H$47,2,FALSE),"")
B89: 5일차 | C89: 시간 | D89: 능력단위코드 | E89: 능력단위 명 | G89: 능력단위요소 코드 | H89: 능력단위요소 명 | J89: 교육내용 | K89: 5일차 교육 내용
C90: 09:00 - 09:50 | D90: =IF(VLOOKUP(G90,$C$16:$E$47,2,FALSE)="","",VLOOKUP(G90,$C$16:$E$47,2,FALSE)) | E90: =IF(VLOOKUP(G90,$C$16:$E$47,3,FALSE)="","",VLOOKUP(G90,$C$16:$E$47,3,FALSE)) | H90: =IFERROR(VLOOKUP(G90,$G$16:$H$47,2,FALSE),"")
C91: 10:00 - 10:50 | D91: =IF(VLOOKUP(G91,$C$16:$E$47,2,FALSE)="","",VLOOKUP(G91,$C$16:$E$47,2,FALSE)) | E91: =IF(VLOOKUP(G91,$C$16:$E$47,3,FALSE)="","",VLOOKUP(G91,$C$16:$E$47,3,FALSE)) | H91: =IFERROR(VLOOKUP(G91,$G$16:$H$47,2,FALSE),"")
C92: 11:00 - 11:50 | D92: =IF(VLOOKUP(G92,$C$16:$E$47,2,FALSE)="","",VLOOKUP(G92,$C$16:$E$47,2,FALSE)) | E92: =IF(VLOOKUP(G92,$C$16:$E$47,3,FALSE)="","",VLOOKUP(G92,$C$16:$E$47,3,FALSE)) | H92: =IFERROR(VLOOKUP(G92,$G$16:$H$47,2,FALSE),"")
C93: 12:00 - 12:50 (점심)
C94: 13:00 - 13:50 | D94: =IF(VLOOKUP(G94,$C$16:$E$47,2,FALSE)="","",VLOOKUP(G94,$C$16:$E$47,2,FALSE)) | E94: =IF(VLOOKUP(G94,$C$16:$E$47,3,FALSE)="","",VLOOKUP(G94,$C$16:$E$47,3,FALSE)) | H94: =IFERROR(VLOOKUP(G94,$G$16:$H$47,2,FALSE),"")
C95: 14:00 - 14:50 | D95: =IF(VLOOKUP(G95,$C$16:$E$47,2,FALSE)="","",VLOOKUP(G95,$C$16:$E$47,2,FALSE)) | E95: =IF(VLOOKUP(G95,$C$16:$E$47,3,FALSE)="","",VLOOKUP(G95,$C$16:$E$47,3,FALSE)) | H95: =IFERROR(VLOOKUP(G95,$G$16:$H$47,2,FALSE),"")
C96: 15:00 - 15:50 | D96: =IF(VLOOKUP(G96,$C$16:$E$47,2,FALSE)="","",VLOOKUP(G96,$C$16:$E$47,2,FALSE)) | E96: =IF(VLOOKUP(G96,$C$16:$E$47,3,FALSE)="","",VLOOKUP(G96,$C$16:$E$47,3,FALSE)) | H96: =IFERROR(VLOOKUP(G96,$G$16:$H$47,2,FALSE),"")
C97: 16:00 - 16:50 | D97: =IF(VLOOKUP(G97,$C$16:$E$47,2,FALSE)="","",VLOOKUP(G97,$C$16:$E$47,2,FALSE)) | E97: =IF(VLOOKUP(G97,$C$16:$E$47,3,FALSE)="","",VLOOKUP(G97,$C$16:$E$47,3,FALSE)) | H97: =IFERROR(VLOOKUP(G97,$G$16:$H$47,2,FALSE),"")
C98: 17:00 - 17:50 | D98: =IF(VLOOKUP(G98,$C$16:$E$47,2,FALSE)="","",VLOOKUP(G98,$C$16:$E$47,2,FALSE)) | E98: =IF(VLOOKUP(G98,$C$16:$E$47,3,FALSE)="","",VLOOKUP(G98,$C$16:$E$47,3,FALSE)) | H98: =IFERROR(VLOOKUP(G98,$G$16:$H$47,2,FALSE),"")

Sheet 탬플릿(클린)
B1: 훈련과정명
B2: 훈련대상자
B3: 훈련수준
B4: 훈련목표
B5: 지도목표
B6: 세부 지도목표
B7: 지도내용
B10: 교수학습방법
B11: 평가벙법
B12: 훈련교재
D15: 능력단위코드 | E15: 능력단위 명 | F15: 훈련시간 | G15: 능력단위요소 코드 | H15: 능력단위요소 명 | I15: 훈련시간
B43: 1일차 | C43: 시간 | D43: 능력단위코드 | E43: 능력단위 명 | G43: 능력단위요소 코드 | H43: 능력단위요소 명 | J43: 교육내용 | K43: 1일차 교육 내용
C44: 09:00 - 09:50
C45: 10:00 - 10:50
C46: 11:00 - 11:50
C47: 12:00 - 12:50 (점심)
C48: 13:00 - 13:50
C49: 14:00 - 14:50
C50: 15:00 - 15:50
C51: 16:00 - 16:50
C52: 17:00 - 17:50
B53: 2일차 | C53: 시간 | D53: 능력단위코드 | E53: 능력단위 명 | G53: 능력단위요소 코드 | H53: 능력단위요소 명 | J53: 교육내용 | K53: 2일차 교육 내용
C54: 09:00 - 09:50
C55: 10:00 - 10:50
C56: 11:00 - 11:50
C57: 12:00 - 12:50 (점심)
C58: 13:00 - 13:50
C59: 14:00 - 14:50
C60: 15:00 - 15:50
C61: 16:00 - 16:50
C62: 17:00 - 17:50
B63: 3일차 | C63: 시간 | D63: 능력단위코드 | E63: 능력단위 명 | G63: 능력단위요소 코드 | H63: 능력단위요소 명 | J63: 교육내용 | K63: 3일차 교육 내용
C64: 09:00 - 09:50
C65: 10:00 - 10:50
C66: 11:00 - 11:50
C67: 12:00 - 12:50 (점심)
C68: 13:00 - 13:50
C69: 14:00 - 14:50
C70: 15:00 - 15:50
C71: 16:00 - 16:50
C72: 17:00 - 17:50
B73: 4일차 | C73: 시간 | D73: 능력단위코드 | E73: 능력단위 명 | G73: 능력단위요소 코드 | H73: 능력단위요소 명 | J73: 교육내용 | K73: 4일차 교육 내용
C74: 09:00 - 09:50
C75: 10:00 - 10:50
C76: 11:00 - 11:50
C77: 12:00 - 12:50 (점심)
C78: 13:00 - 13:50
C79: 14:00 - 14:50
C80: 15:00 - 15:50
C81: 16:00 - 16:50
C82: 17:00 - 17:50
B83: 5일차 | C83: 시간 | D83: 능력단위코드 | E83: 능력단위 명 | G83: 능력단위요소 코드 | H83: 능력단위요소 명 | J83: 교육내용 | K83: 5일차 교육 내용
C84: 09:00 - 09:50
C85: 10:00 - 10:50
C86: 11:00 - 11:50
C87: 12:00 - 12:50 (점심)
C88: 13:00 - 13:50
C89: 14:00 - 14:50
C90: 15:00 - 15:50
C91: 16:00 - 16:50
C92: 17:00 - 17:50

Sheet 통합
D1: 직종명 | E1: 직무명 | F1: 직무수준 | G1: 코드 | I1: 능력단위 | J1: 능력단위설명
A2: =D2&"> "&E2&"> "&I2 -> 09.의료장비제조 > 01.의료기기품질관리> 의료기기 내부(품질) 감사 | B2: 19.전기전자 | C2: 03.전자기기개발 | D2: 09.의료장비제조 | E2: 01.의료기기품질관리 | F2: 5 | G2: 1903090103_21v2 | H2: 03 | I2: 의료기기 내부(품질) 감사
A3: =D3&"> "&E3&"> "&I3 -> 09.의료장비제조 > 01.의료기기품질관리> 의료기기 품질시스템 인증 | B3: 19.전기전자 | C3: 03.전자기기개발 | D3: 09.의료장비제조 | E3: 01.의료기기품질관리 | F3: 5 | G3: 1903090105_21v2 | H3: 05 | I3: 의료기기 품질시스템 인증
A4: =D4&"> "&E4&"> "&I4 -> 09.의료장비제조 > 01.의료기기품질관리> 의료기기 품질문서 개발 | B4: 19.전기전자 | C4: 03.전자기기개발 | D4: 09.의료장비제조 | E4: 01.의료기기품질관리 | F4: 4 | G4: 1903090101_21v2 | H4: 01 | I4: 의료기기 품질문서 개발
A5: =D5&"> "&E5&"> "&I5 -> 09.의료장비제조 > 01.의료기기품질관리> 의료기기 품질시스템 자원관리 | B5: 19.전기전자 | C5: 03.전자기기개발 | D5: 09.의료장비제조 | E5: 01.의료기기품질관리 | F5: 4 | G5: 1903090102_21v2 | H5: 02 | I5: 의료기기 품질시스템 자원관리
A6: =D6&"> "&E6&"> "&I6 -> 09.의료장비제조 > 01.의료기기품질관리> 의료기기 시제품 품질관리 | B6: 19.전기전자 | C6: 03.전자기기개발 | D6: 09.의료장비제조 | E6: 01.의료기기품질관리 | F6: 4 | G6: 1903090106_21v2 | H6: 06 | I6: 의료기기 시제품 품질관리
A7: =D7&"> "&E7&"> "&I7 -> 09.의료장비제조 > 01.의료기기품질관리> 시정 및 예방조치(CAPA) | B7: 19.전기전자 | C7: 03.전자기기개발 | D7: 09.의료장비제조 | E7: 01.의료기기품질관리 | F7: 4 | G7: 1903090110_21v2 | H7: 10 | I7: 시정 및 예방조치(CAPA)
A8: =D8&"> "&E8&"> "&I8 -> 09.의료장비제조 > 02.의료기기인·허가> 임상시험 | B8: 19.전기전자 | C8: 03.전자기기개발 | D8: 09.의료장비제조 | E8: 02.의료기기인·허가 | F8: 6 | G8: 1903090203_21v2 | H8: 03 | I8: 임상시험
A9: =D9&"> "&E9&"> "&I9 -> 09.의료장비제조 > 02.의료기기인·허가> 인허가정보수집 | B9: 19.전기전자 | C9: 03.전자기기개발 | D9: 09.의료장비제조 | E9: 02.의료기기인·허가 | F9: 5 | G9: 1903090201_21v2 | H9: 01 | I9: 인허가정보수집
A10: =D10&"> "&E10&"> "&I10 -> 09.의료장비제조 > 02.의료기기인·허가> 보험등재 | B10: 19.전기전자 | C10: 03.전자기기개발 | D10: 09.의료장비제조 | E10: 02.의료기기인·허가 | F10: 5 | G10: 1903090209_21v2 | H10: 09 | I10: 보험등재
A11: =D11&"> "&E11&"> "&I11 -> 09.의료장비제조 > 02.의료기기인·허가> 인허가 사후관리 | B11: 19.전기전자 | C11: 03.전자기기개발 | D11: 09.의료장비제조 | E11: 02.의료기기인·허가 | F11: 5 | G11: 1903090210_21v2 | H11: 10 | I11: 인허가 사후관리
A12: =D12&"> "&E12&"> "&I12 -> 09.의료장비제조 > 02.의료기기인·허가> 규격선정 | B12: 19.전기전자 | C12: 03.전자기기개발 | D12: 09.의료장비제조 | E12: 02.의료기기인·허가 | F12: 4 | G12: 1903090204_21v2 | H12: 04 | I12: 규격선정
A13: =D13&"> "&E13&"> "&I13 -> 09.의료장비제조 > 02.의료기기인·허가> 기술문서준비 | B13: 19.전기전자 | C13: 03.전자기기개발 | D13: 09.의료장비제조 | E13: 02.의료기기인·허가 | F13: 4 | G13: 1903090205_21v2 | H13: 05 | I13: 기술문서준비
... A43: =D43&"> "&E43&"> "&I43 -> 10.광기술개발> 07.광의료기기개발> 광의료기기 기구개발 | B43: 19.전기전자 | C43: 03.전자기기개발 | D43: 10.광기술개발 | E43: 07.광의료기기개발 | F43: 4 | G43: 1903100712_21v1 | H43: 12 | I43: 광의료기기 기구개발
A44: =D44&"> "&E44&"> "&I44 -> 07.인공지능 > 08.생성형AI엔지니어링> 생성형 AI 기반 프로덕트 목표 수립 | B44: 20.정보통신 | C44: 01.정보기술 | D44: 07.인공지능 | E44: 08.생성형AI엔지니어링 | F44: 7 | G44: 2001070701_25v1 | H44: 01 | I44: 생성형 AI 기반 프로덕트 목표 수립 | J44: 생성형 AI 기반 프로덕트 목표 수립이란 사용자 요구사항과 생성형 AI 플랫폼을 분석하고, 프로덕트 목표를 구체화하여 확정하는 능력이다.
A45: =D45&"> "&E45&"> "&I45 -> 07.인공지능 > 07.생성형AI엔지니어링> 생성형 AI 모델 학습 | B45: 20.정보통신 | C45: 01.정보기술 | D45: 07.인공지능 | E45: 07.생성형AI엔지니어링 | F45: 6 | G45: 2001070704_25v1 | H45: 04 | I45: 생성형 AI 모델 학습 | J45: 생성형 AI 모델 학습이란 생성형 AI 모델 학습 환경과 데이터셋을 제작하여 생성형 AI 파운데이션 모델에 대한 사전학습과 파인튜닝을 수행하는 능력이다.
A46: =D46&"> "&E46&"> "&I46 -> 07.인공지능 > 07.생성형AI엔지니어링> 생성형 AI 모델 선정 | B46: 20.정보통신 | C46: 01.정보기술 | D46: 07.인공지능 | E46: 07.생성형AI엔지니어링 | F46: 5 | G46: 2001070702_25v1 | H46: 02 | I46: 생성형 AI 모델 선정 | J46: 생성형 AI 모델 선정이란 생성형 AI 모델의 기능, 성능, 비용을 분석하여 목표하는 생성형 AI 기반 프로덕트에 적합한 생성형 AI 모델을 선정하는 능력이다.
A47: =D47&"> "&E47&"> "&I47 -> 07.인공지능 > 07.생성형AI엔지니어링> 생성형 AI 데이터 준비 | B47: 20.정보통신 | C47: 01.정보기술 | D47: 07.인공지능 | E47: 07.생성형AI엔지니어링 | F47: 5 | G47: 2001070703_25v1 | H47: 03 | I47: 생성형 AI 데이터 준비 | J47: 생성형 AI 데이터 준비란 생성형 AI 기반 프로덕트 구현에 필요한 데이터를 확보하고 전문가를 대상으로 적정성을 검증하여 고품질의 데이터를 준비하는 능력이다.
A48: =D48&"> "&E48&"> "&I48 -> 07.인공지능 > 07.생성형AI엔지니어링> 프롬프트 구현 | B48: 20.정보통신 | C48: 01.정보기술 | D48: 07.인공지능 | E48: 07.생성형AI엔지니어링 | F48: 5 | G48: 2001070705_25v1 | H48: 05 | I48: 프롬프트 구현 | J48: 프롬프트 구현이란 사용자 요구를 분석하여 프롬프트 목표를 수립하고, 구조를 설계한 후 작성과 시연을 통해 목적에 부합하는 프롬프트 결과물을 제작하는 능력이다.
A49: =D49&"> "&E49&"> "&I49 -> 07.인공지능 > 07.생성형AI엔지니어링> 프롬프트 최적화 | B49: 20.정보통신 | C49: 01.정보기술 | D49: 07.인공지능 | E49: 07.생성형AI엔지니어링 | F49: 5 | G49: 2001070706_25v1 | H49: 06 | I49: 프롬프트 최적화 | J49: 프롬프트 최적화란 작성된 프롬프트의 성능을 검증하고, 반복적인 실험과 개선을 통해 가장 효과적인 프롬프트 형태를 도출하는 능력이다.
A50: =D50&"> "&E50&"> "&I50 -> 07.인공지능 > 07.생성형AI엔지니어링> 생성형 AI 기반 프로덕트 제작 | B50: 20.정보통신 | C50: 01.정보기술 | D50: 07.인공지능 | E50: 07.생성형AI엔지니어링 | F50: 5 | G50: 2001070707_25v1 | H50: 07 | I50: 생성형 AI 기반 프로덕트 제작 | J50: 생성형 AI 기반 프로덕트 제작이란 목적에 맞는 출력 기능을 구현하고 입력부터 출력까지 전체 기능이 통합된 프로덕트를 제작하는 능력이다.
A51: =D51&"> "&E51&"> "&I51 -> 07.인공지능 > 07.생성형AI엔지니어링> 생성형 AI 기반 프로덕트 검증 | B51: 20.정보통신 | C51: 01.정보기술 | D51: 07.인공지능 | E51: 07.생성형AI엔지니어링 | F51: 5 | G51: 2001070708_25v1 | H51: 08 | I51: 생성형 AI 기반 프로덕트 검증 | J51: 생성형 AI 기반 프로덕트 검증이란 생성형 AI를 활용하여 개발된 프로덕트가 목표에 부합하고, 사용자 요구에 맞게 정확하고 안전하게 작동하는지 체계적으로 검토하고 개선하는 능력이다.
A52: =D52&"> "&E52&"> "&I52 -> 07.인공지능 > 07.생성형AI엔지니어링> 생성형 AI 기반 프로덕트 배포 | B52: 20.정보통신 | C52: 01.정보기술 | D52: 07.인공지능 | E52: 07.생성형AI엔지니어링 | F52: 5 | G52: 2001070709_25v1 | H52: 09 | I52: 생성형 AI 기반 프로덕트 배포 | J52: 생성형 AI 기반 프로덕트 배포는 검증된 생성형 AI 기반 프로덕트에 대한 패키징을 계획하고 배포하는 능력이다.
F86: 03.전자기기개발 | G86: 09.의료장비제조 | I86: 01.의료기기품질관리
F87: 03.전자기기개발 | G87: 09.의료장비제조 | I87: 02.의료기기인·허가
F88: 03.전자기기개발 | G88: 09.의료장비제조 | I88: 03.의료기기생산
F89: 03.전자기기개발 | G89: 09.의료장비제조 | I89: 04.의료기기연구개발
G90: 10.광기술개발 | I90: 07.광의료기기개발

Sheet 세부능력단위
A1: 분류번호 | B1: 능력단위 명칭 | C1: 능력단위 정의 | D1: 능력단위요소 코드 | E1: 능력단위 요소 | F1: 학습목표 | G1: 지식 | H1: 기술 | I1: 태도
A2: 2001070701_25v1 | B2: 생성형 AI 기반 프로덕트 목표 수립 | C2: 생성형 AI 기반 프로덕트 목표 수립이란 사용자 요구사항과 생성형 AI 플랫폼을 분석하고, 프로덕트 목표를 구체화하여 확정하는 능력이다. | D2: 2001070701_25v1.1 | E2: 생성형 AI 플랫폼 환경 분석하기 | F2: 1.1 프로덕트 목표를 구체화하기 위해 생성형 AI 플랫폼 기능 활용 사례를 조사할 수 있다. 1.2 조사된 활용 사례를 기반으로 내부 자원 역량을 진단할 수 있다. 1.3 생성형 AI 관련 법ㆍ규제와 윤리적 리스크를 식별할 수 있다. 1.4 주요 생성형 AI 기술의 유형별 특징을 분석할 수 있다. 1.5 분석된 기술 적용 관련 문제점을 평가할 수 있다. | G2: 【지식】 • 환경분석 방법론 - PEST 분석 - 5FORCE 분석 - SWOT 분석 • 생성형 AI 기술 유형별 원리 • 주요 AI 플랫폼 특성 • AI 관련 법규 및 윤리 가이드라인 • API 활용 비용 | H2: 【기술】 • 시장조사 분석 능력 • 경쟁사 기술 스펙 분석 능력 • 기술 동향 리서치 능력 • 법규·규제 해석 능력 | I2: 【태도】 • 최신 정보 습득에 대한 적극적인 의지 • 법규 및 윤리 규정을 준수하려는 노력 • 환경 변화에 따른 산업 트렌드를 분석하려는 자세
A3: 2001070701_25v1 | B3: 생성형 AI 기반 프로덕트 목표 수립 | C3: 생성형 AI 기반 프로덕트 목표 수립이란 사용자 요구사항과 생성형 AI 플랫폼을 분석하고, 프로덕트 목표를 구체화하여 확정하는 능력이다. | D3: 2001070701_25v1.2 | E3: 요구사항 분석하기 | F3: 2.1 목표 사용자에 따른 사용자 유형과 특성을 정의할 수 있다. 2.2 사용자 조사를 통해 요구사항 기초 자료를 수집할 수 있다. 2.3 사용자의 주요 요구사항과 문제점을 정리할 수 있다. 2.4 도출된 요구사항을 근거로 개발 우선순위를 결정할 수 있다. | G3: 【지식】 • 사용자 요구사항 분석 방법 • 사용자 조사 기법 종류 • 데이터 분석 기초 이론 - 데이터 마이닝 - 데이터 처리 및 전처리 - 데이터 해석 • 요구사항 우선순위 결정 모델 • 요구사항 추적 매트릭스 작성 방법 | H3: 【기술】 • 사용자 인터뷰 능력 • 요구사항 우선순위 도출 기술 • 데이터 분석 도구 활용 능력 • 요구사항 명세서 작성 기술 • 사용자 여정 맵 작성 능력 | I3: 【태도】 • 체계적으로 요구사항을 관리하려는 자세 • 논리적이고 객관적으로 우선순위를 판단하려는 자세
A4: 2001070701_25v1 | B4: 생성형 AI 기반 프로덕트 목표 수립 | C4: 생성형 AI 기반 프로덕트 목표 수립이란 사용자 요구사항과 생성형 AI 플랫폼을 분석하고, 프로덕트 목표를 구체화하여 확정하는 능력이다. | D4: 2001070701_25v1.3 | E4: 생성형 AI 기반 프로덕트 목표 설정하기 | F4: 3.1 사용자 요구사항 분석 결과를 바탕으로 프로덕트 목표를 도출할 수 있다. 3.2 도출된 목표를 SMART 원칙에 따라 구체화할 수 있다. 3.3 도출된 목표를 바탕으로 프로덕트 개발 범위를 정의할 수 있다. 3.4 목표 달성도를 측정하기 위한 핵심성과지표를 정의할 수 있다. 3.5 목표 달성을 위한 실행계획을 수립할 수 있다. | G4: 【지식】 • 프로덕트 비전맵 수립 방법 • 핵심 목표 설정 프레임워크 • 프로젝트 관리 프레임워크 • 핵심성과지표 정의 • 실행 계획 수립 요소 • AI 관련 법규 및 윤리 가이드라인 | H4: 【기술】 • SMART 목표 작성 기술 • 핵심성과지표 설계와 측정 기준 설정 능력 • 시각화 도구 활용 기술 | I4: 【태도】 • 측정 가능한 성과를 중시하는 자세 • 데이터 기반으로 합리적인 의사결정을 추구하는 자세
A5: 2001070701_25v1 | B5: 생성형 AI 기반 프로덕트 목표 수립 | C5: 생성형 AI 기반 프로덕트 목표 수립이란 사용자 요구사항과 생성형 AI 플랫폼을 분석하고, 프로덕트 목표를 구체화하여 확정하는 능력이다. | D5: 2001070701_25v1.4 | E5: 생성형 AI 기반 프로덕트 목표 확정하기 | F5: 4.1 설정된 목표를 이해관계자에게 설명하고 의견을 수렴할 수 있다. 4.2 수집된 피드백을 반영하여 최종 프로덕트 목표를 확정할 수 있다. 4.3 확정된 목표를 문서화하여 이해관계자와 확인할 수 있다. 4.4 공유된 목표에 대해 최종 합의 내용을 작성할 수 있다. | G5: 【지식】 • 생성형 AI 동작 원리 • 프로젝트 관리 도구 활용법 • 생성형 AI 모델별 특성 | H5: 【기술】 • 프로덕트 목표 명세화 및 문서화 기술 • 요구사항 분석 기술 • 의사결정 매트릭스 활용 능력 | I5: 【태도】 • 사용자 중심의 문제 해결 의지 • 원활한 협업을 위해 적극적으로 소통하려는 의지
A6: 2001070702_25v1 | B6: 생성형 AI 모델 선정 | C6: 생성형 AI 모델 선정이란 생성형 AI 모델의 기능, 성능, 비용을 분석하여 목표하는 생성형 AI 기반 프로덕트에 적합한 생성형 AI 모델을 선정하는 능력이다. | D6: 2001070702_25v1.1 | E6: 생성형 AI 모델 기능 분석하기 | F6: 1.1 목표 프로덕트에 적합한 생성형 AI 모델 후보를 선정할 수 있다. 1.2 생성형 AI 모델 기능 분석기준을 수립할 수 있다. 1.3 수립된 기준에 맞춰 생성형 AI 모델의 기능을 목록화할 수 있다. 1.4 목록화된 생성형 AI 모델의 기능이 프로덕트 목표에 적합한지 여부를 판단할 수 있다. | G6: 【지식】 • 인공지능 및 딥러닝 원리 • 생성형 AI 모델 동작 원리 • 생성형 AI 모델 기능 특성 | H6: 【기술】 • 프레임워크와 라이브러리 설치 능력 • 프로그래밍 도구 활용 능력 • 인터페이스 연동 기술 | I6: 【태도】 • 생성형 AI 모델 최신 트렌드를 탐색하는 노력 • 객관적 원칙을 기준으로 분석하려는 자세
A7: 2001070702_25v1 | B7: 생성형 AI 모델 선정 | C7: 생성형 AI 모델 선정이란 생성형 AI 모델의 기능, 성능, 비용을 분석하여 목표하는 생성형 AI 기반 프로덕트에 적합한 생성형 AI 모델을 선정하는 능력이다. | D7: 2001070702_25v1.2 | E7: 생성형 AI 모델 성능 분석하기 | F7: 2.1 생성형 AI 모델 성능 분석 기준을 수립할 수 있다. 2.2 생성형 AI 모델 성능 제약사항을 목록화할 수 있다. 2.3 수립된 기준에 따라 생성형 AI 모델 성능지표를 도출할 수 있다. 2.4 도출된 성능지표를 활용하여 생성형 AI 모델의 성능이 프로덕트 목표에 적합한지 여부를 판단할 수 있다. | G7: 【지식】 • 프롬프트 엔지니어링 • 생성형 AI 모델 성능 평가지표 • 모델 최적화 방법론 | H7: 【기술】 • 하이퍼파라미터 조정 기술 • 모델 파인튜닝 기법 • 성능 평가지표 활용 능력 | I7: 【태도】 • 새로운 기술을 탐색하는 노력 • 객관적 원칙을 기준으로 분석하려는 자세
A8: 2001070702_25v1 | B8: 생성형 AI 모델 선정 | C8: 생성형 AI 모델 선정이란 생성형 AI 모델의 기능, 성능, 비용을 분석하여 목표하는 생성형 AI 기반 프로덕트에 적합한 생성형 AI 모델을 선정하는 능력이다. | D8: 2001070702_25v1.3 | E8: 생성형 AI 모델 비용 분석하기 | F8: 3.1 생성형 AI 모델 공식 사이트를 통해 생성형 AI 모델 비용체계를 조사할 수 있다. 3.2 생성형 AI 모델 도입 시 예상 비용을 산정할 수 있다. 3.3 생성형 AI 모델 비용 관련 제약사항을 목록화할 수 있다. 3.4 제약사항을 고려하여 생성형 AI 모델 소요비용을 산정할 수 있다. | G8: 【지식】 • 생성형 AI 비용 구조 이해 • 비용 시뮬레이션 방법론 • 비용 최적화 방법론 | H8: 【기술】 • 벤치마킹 수행 능력 • 비용 시뮬레이션 기술 • 총비용(Total Cost Ownership) 산정 능력 | I8: 【태도】 • 비용 효율화에 대한 의지 • 객관적 원칙을 기준으로 분석하려는 자세
A9: 2001070702_25v1 | B9: 생성형 AI 모델 선정 | C9: 생성형 AI 모델 선정이란 생성형 AI 모델의 기능, 성능, 비용을 분석하여 목표하는 생성형 AI 기반 프로덕트에 적합한 생성형 AI 모델을 선정하는 능력이다. | D9: 2001070702_25v1.4 | E9: 생성형 AI 모델 확정하기 | F9: 4.1 기능과 성능 분석 결과를 바탕으로 생성형 AI 모델 우선순위를 도출할 수 있다. 4.2 비용 분석 결과를 고려하여 생성형 AI 모델 우선순위를 조정할 수 있다. 4.3 조정된 우선순위를 기반으로 최종 생성형 AI 모델을 확정할 수 있다. | G9: 【지식】 • 생성형 AI 모델 트렌드 • 생성형 AI 모델 특징 • 생성형 AI 모델 평가 방법 | H9: 【기술】 • SW 평가 능력 • 우선순위 구조화 능력 • 모델 장단점 비교 능력 • 비교 분석 결과 보고서 작성 능력 | I9: 【태도】 • 객관성을 유지하려는 자세 • 논리적 근거를 제시하려는 자세 • 의사결정에 대해 책임감 있는 자세
A10: 2001070703_25v1 | B10: 생성형 AI 데이터 준비 | C10: 생성형 AI 데이터 준비란 생성형 AI 기반 프로덕트 구현에 필요한 데이터를 확보하고 전문가를 대상으로 적정성을 검증하여 고품질의 데이터를 준비하는 능력이다. | D10: 2001070703_25v1.1 | E10: 데이터 확보 계획 수립하기 | F10: 1.1 생성형 AI 서비스 목적에 맞는 데이터 범위를 설정할 수 있다. 1.2 설정된 데이터 범위를 기준으로 내·외부 데이터 확보 방안을 수립할 수 있다. 1.3 데이터 확보 시 필요한 제약사항을 도출할 수 있다. 1.4 수립되고 도출된 사항을 기반으로 데이터 확보 계획서를 작성할 수 있다. | G10: 【지식】 • 도메인별 데이터 요구 특성 • 오픈 데이터셋 활용 방법 • 데이터 관련 규제 동향 • 공개·비공개 정보 구분기준 • AI 모델 윤리·편향 문제해결방법 • 벡터 데이터베이스 및 RAG 처리 방법 | H10: 【기술】 • 외부 데이터셋 분석 기술 • 공개 데이터셋 활용 능력 • 데이터 벤치마킹 기술 | I10: 【태도】 • 서비스 목적에 맞는 데이터를 신중하게 분류하려는 자세 • 데이터 확보 제약을 논리적으로 분석하려는 노력 • 계획 수립 전 법적·윤리적 요소까지 고려하는 자세
A11: 2001070703_25v1 | B11: 생성형 AI 데이터 준비 | C11: 생성형 AI 데이터 준비란 생성형 AI 기반 프로덕트 구현에 필요한 데이터를 확보하고 전문가를 대상으로 적정성을 검증하여 고품질의 데이터를 준비하는 능력이다. | D11: 2001070703_25v1.2 | E11: 데이터 수집 환경 구축하기 | F11: 2.1 데이터 수집을 위한 시스템 구성요소를 설계할 수 있다. 2.2 다양한 수집 방식에 적합한 기술요소를 선정할 수 있다. 2.3 선정된 기술 요소를 기반으로 수집 방식별 운영환경을 구축할 수 있다. 2.4 예외 상황을 고려한 수집 방식별 운영환경을 구축할 수 있다. | G11: 【지식】 • 데이터 수집 아키텍처 • 수집 방식별 주요 특징 • 수집 예외 처리 방안 • 메타 데이터관리 | H11: 【기술】 • 크롤링 데이터 수집 기술 • API 연동 데이터 수집 능력 • 데이터 파이프라인 도구 활용 기술 • 스토리지 활용 능력 | I11: 【태도】 • 다양한 기술요소를 탐구하려는 노력 • 환경 구성 시 정확성을 추구하는 자세 • 장애나 예외 상황에 선제적으로 대응하려는 책임감
A12: 2001070703_25v1 | B12: 생성형 AI 데이터 준비 | C12: 생성형 AI 데이터 준비란 생성형 AI 기반 프로덕트 구현에 필요한 데이터를 확보하고 전문가를 대상으로 적정성을 검증하여 고품질의 데이터를 준비하는 능력이다. | D12: 2001070703_25v1.3 | E12: 내·외부 데이터 수집하기 | F12: 3.1 내·외부 시스템에서 활용 가능한 데이터 항목을 추출할 수 있다. 3.2 추출된 데이터를 기반으로 데이터의 신뢰성을 평가할 수 있다. 3.3 평가 결과에 따라 특화된 도메인 데이터를 수집할 수 있다. 3.4 수집 데이터의 메타정보를 포함하여 상세내역을 문서화할 수 있다. | G12: 【지식】 • 도메인별·형식별 데이터 분류 기준 • 데이터 중복 제거 방법론 • 데이터 다양성 확보 방안 • 수집 자동화 방안 • 데이터 분류 기준 | H12: 【기술】 • 크롤링 데이터 수집 기술 • API 연동 데이터 수집 능력 • 실시간 데이터 처리 기술 • 수집 현황 모니터링 능력 • 데이터 전처리 능력 | I12: 【태도】 • 데이터 출처 신뢰성을 꼼꼼히 검토하려는 자세 • 도메인별 데이터 특성을 세밀하게 구분하려는 노력 • 수집 데이터 구조화를 체계적으로 수행하려는 자세
... A36: 2001070709_25v1 | B36: 생성형 AI 기반 프로덕트 배포 | C36: 생성형 AI 기반 프로덕트 배포는 검증된 생성형 AI 기반 프로덕트에 대한 패키징을 계획하고 배포하는 능력이다. | D36: 2001070709_25v1.2 | E36: 생성형 AI 기반 프로덕트 패키징 배포하기 | F36: 2.1 선택된 도구를 통해 패키지의 구조를 설정할 수 있다. 2.2 설정된 패키지의 구조에 따라 모든 파일을 하나의 패키지로 통합할 수 있다. 2.3 통합된 패키지를 다양한 환경에서 검증할 수 있다. 2.4 검증된 통합 패키지를 운영 환경에 배포할 수 있다. 2.5 배포된 패키지 내용에 대해 배포내역서를 작성할 수 있다. | G36: 【지식】 • 패키징 구조 설계 기법 • 패키지 통합 방법 및 설계 • 패키징 검증 방법 및 기법 • 패키징 배포 원리 및 도구 | H36: 【기술】 • 패키징 구조 설정 기술 • 패키징 통합 기술 • 패키징 검증 기술 • 패키징 배포 기술 | I36: 【태도】 • 패키지 구조에 대한 문제를 적극적으로 해결하려는 노력 • 패키지의 다양한 환경에 대한 테스트 목표 수준을 파악하고자 하는 자세

Sheet 진단-능력단위자동설명
B1: 역량 | C1: 설명
B2: 서버 구성 | C2: =VLOOKUP(B2,통합!$I$2:$J$3,3,FALSE) -> #N/A
B3: 스토리지 구성 | C3: =VLOOKUP(B3,통합!$I$2:$J$3,3,FALSE) -> #N/A
B4: 네트워크 구성 | C4: =VLOOKUP(B4,통합!$I$2:$J$3,3,FALSE) -> #N/A
B5: 클라우드 인프라스트럭처 서비스 구성 | C5: =VLOOKUP(B5,통합!$I$2:$J$3,3,FALSE) -> #N/A
B6: 인프라스트럭처 아키텍처 구성 점검 | C6: =VLOOKUP(B6,통합!$I$2:$J$3,3,FALSE) -> #N/A
C7: =VLOOKUP(B7,통합!$I$2:$J$3,3,FALSE) -> #N/A
C8: =VLOOKUP(B8,통합!$I$2:$J$3,3,FALSE) -> #N/A
C9: =VLOOKUP(B9,통합!$I$2:$J$3,3,FALSE) -> #N/A
C10: =VLOOKUP(B10,통합!$I$2:$J$3,3,FALSE) -> #N/A
C11: =VLOOKUP(B11,통합!$I$2:$J$3,3,FALSE) -> #N/A
B24: UI/UX 가이드 제작
B25: 디지털디자인 프로젝트 기초조사
B26: 디지털디자인 프로젝트 설계
B27: 프로토타입 기초데이터 수집 및 스케치
B28: 프로토타입 제작 및 사용성 테스트
